variavel,duration_(secs),bytes,sales,returned_amount,ano,mes,dia,hora,hour,age
duration_(secs),1.0,0.01593696267430981,-0.03352396046318554,-0.06367693823897301,2017,03,15,04,,
bytes,0.01593696267430981,1.0,-0.0181436210038739,-0.0055442913226027265,2017,03,15,04,,
sales,-0.03352396046318554,-0.0181436210038739,1.0,-0.05710667000400238,2017,03,15,04,,
returned_amount,-0.06367693823897301,-0.0055442913226027265,-0.05710667000400238,1.0,2017,03,15,04,,
ano,,,,,2017,03,15,04,,
mes,,,,,2017,03,15,04,,
dia,,,,,2017,03,15,04,,
hora,,,,,2017,03,15,04,,
hour,,,,,2017,03,15,04,,
duration_(secs),1.0,0.01943518562069499,0.08023404238760073,-0.06317375213714828,2017,03,15,03,,
bytes,0.01943518562069499,1.0,-0.011711430149697449,-0.012607298198854944,2017,03,15,03,,
sales,0.08023404238760073,-0.011711430149697449,1.0,-0.05092865825907668,2017,03,15,03,,
returned_amount,-0.06317375213714828,-0.012607298198854944,-0.05092865825907668,1.0,2017,03,15,03,,
ano,,,,,2017,03,15,03,,
mes,,,,,2017,03,15,03,,
dia,,,,,2017,03,15,03,,
hora,,,,,2017,03,15,03,,
hour,,,,,2017,03,15,03,,
duration_(secs),1.0,0.10032570873326853,-0.02071729520604358,0.00965202546215567,2017,03,15,02,,
bytes,0.10032570873326853,1.0,0.067630813315372,-0.002988558645806575,2017,03,15,02,,
sales,-0.02071729520604358,0.067630813315372,1.0,-0.04514061713756012,2017,03,15,02,,
returned_amount,0.00965202546215567,-0.002988558645806575,-0.04514061713756012,1.0,2017,03,15,02,,
ano,,,,,2017,03,15,02,,
mes,,,,,2017,03,15,02,,
dia,,,,,2017,03,15,02,,
hora,,,,,2017,03,15,02,,
hour,,,,,2017,03,15,02,,
duration_(secs),1.0,0.0015663401662251513,-0.040080831553379055,-0.021371408242252386,2017,03,15,05,,
bytes,0.0015663401662251513,1.0,-0.05916732683070437,0.023294742364137817,2017,03,15,05,,
sales,-0.040080831553379055,-0.05916732683070437,1.0,-0.053883562671374355,2017,03,15,05,,
returned_amount,-0.021371408242252386,0.023294742364137817,-0.053883562671374355,1.0,2017,03,15,05,,
ano,,,,,2017,03,15,05,,
mes,,,,,2017,03,15,05,,
dia,,,,,2017,03,15,05,,
hora,,,,,2017,03,15,05,,
hour,,,,,2017,03,15,05,,
duration_(secs),1.0,-0.06661608818000436,0.036649250838502095,-0.03063435417798713,2017,03,15,18,,
bytes,-0.06661608818000436,1.0,0.06012875218026291,0.07300258813847738,2017,03,15,18,,
sales,0.036649250838502095,0.06012875218026291,1.0,-0.0729808559147643,2017,03,15,18,,
returned_amount,-0.03063435417798713,0.07300258813847738,-0.0729808559147643,1.0,2017,03,15,18,,
ano,,,,,2017,03,15,18,,
mes,,,,,2017,03,15,18,,
dia,,,,,2017,03,15,18,,
hora,,,,,2017,03,15,18,,
hour,,,,,2017,03,15,18,,
duration_(secs),1.0,0.007273012104688458,-0.007131405717044795,-0.029247481855273514,2017,03,15,20,,
bytes,0.007273012104688458,1.0,-0.00246965931860034,0.06572261627662651,2017,03,15,20,,
sales,-0.007131405717044795,-0.00246965931860034,1.0,-0.13724568115569752,2017,03,15,20,,
returned_amount,-0.029247481855273514,0.06572261627662651,-0.13724568115569752,1.0,2017,03,15,20,,
ano,,,,,2017,03,15,20,,
mes,,,,,2017,03,15,20,,
dia,,,,,2017,03,15,20,,
hora,,,,,2017,03,15,20,,
hour,,,,,2017,03,15,20,,
duration_(secs),1.0,0.055451461886776805,0.026474508786268912,-0.03973042294313214,2017,03,15,16,,
bytes,0.055451461886776805,1.0,0.06012445813846062,0.00872896687570363,2017,03,15,16,,
sales,0.026474508786268912,0.06012445813846062,1.0,-0.08596257493907482,2017,03,15,16,,
returned_amount,-0.03973042294313214,0.00872896687570363,-0.08596257493907482,1.0,2017,03,15,16,,
ano,,,,,2017,03,15,16,,
mes,,,,,2017,03,15,16,,
dia,,,,,2017,03,15,16,,
hora,,,,,2017,03,15,16,,
hour,,,,,2017,03,15,16,,
duration_(secs),1.0,-0.04645274418873096,-0.014104600952853917,0.03882793933379551,2017,03,15,11,,
bytes,-0.04645274418873096,1.0,0.05011086195974679,0.5427014623997348,2017,03,15,11,,
sales,-0.014104600952853917,0.05011086195974679,1.0,-0.03730356130768878,2017,03,15,11,,
returned_amount,0.03882793933379551,0.5427014623997348,-0.03730356130768878,1.0,2017,03,15,11,,
ano,,,,,2017,03,15,11,,
mes,,,,,2017,03,15,11,,
dia,,,,,2017,03,15,11,,
hora,,,,,2017,03,15,11,,
hour,,,,,2017,03,15,11,,
duration_(secs),1.0,0.009745808798252785,0.02150014612354069,-0.030893720695378647,2017,03,15,10,,
bytes,0.009745808798252785,1.0,-0.023441560109686767,0.7923988050525276,2017,03,15,10,,
sales,0.02150014612354069,-0.023441560109686767,1.0,-0.045236445787092384,2017,03,15,10,,
returned_amount,-0.030893720695378647,0.7923988050525276,-0.045236445787092384,1.0,2017,03,15,10,,
ano,,,,,2017,03,15,10,,
mes,,,,,2017,03,15,10,,
dia,,,,,2017,03,15,10,,
hora,,,,,2017,03,15,10,,
hour,,,,,2017,03,15,10,,
duration_(secs),1.0,-0.061116866814831146,-0.003048555983253004,0.0020670970521817567,2017,03,15,17,,
bytes,-0.061116866814831146,1.0,0.034924304064820895,0.043037016379567784,2017,03,15,17,,
sales,-0.003048555983253004,0.034924304064820895,1.0,-0.09378657373421087,2017,03,15,17,,
returned_amount,0.0020670970521817567,0.043037016379567784,-0.09378657373421087,1.0,2017,03,15,17,,
ano,,,,,2017,03,15,17,,
mes,,,,,2017,03,15,17,,
dia,,,,,2017,03,15,17,,
hora,,,,,2017,03,15,17,,
hour,,,,,2017,03,15,17,,
duration_(secs),1.0,-0.06527597076122774,-0.0618895914230534,-0.012797389170877324,2017,03,15,21,,
bytes,-0.06527597076122774,1.0,0.05898725626238484,-0.022896086094393607,2017,03,15,21,,
sales,-0.0618895914230534,0.05898725626238484,1.0,-0.13887947266633358,2017,03,15,21,,
returned_amount,-0.012797389170877324,-0.022896086094393607,-0.13887947266633358,1.0,2017,03,15,21,,
ano,,,,,2017,03,15,21,,
mes,,,,,2017,03,15,21,,
dia,,,,,2017,03,15,21,,
hora,,,,,2017,03,15,21,,
hour,,,,,2017,03,15,21,,
duration_(secs),1.0,0.0006235485828307454,-0.03706139379197547,0.014131473028842738,2017,03,15,19,,
bytes,0.0006235485828307454,1.0,0.11113283079957084,0.01464812316312226,2017,03,15,19,,
sales,-0.03706139379197547,0.11113283079957084,1.0,-0.07181481025728736,2017,03,15,19,,
returned_amount,0.014131473028842738,0.01464812316312226,-0.07181481025728736,1.0,2017,03,15,19,,
ano,,,,,2017,03,15,19,,
mes,,,,,2017,03,15,19,,
dia,,,,,2017,03,15,19,,
hora,,,,,2017,03,15,19,,
hour,,,,,2017,03,15,19,,
duration_(secs),1.0,-0.003898156091668412,-0.021008505797023316,0.012189049641644882,2017,03,15,00,,
bytes,-0.003898156091668412,1.0,0.030102127485317976,0.019996646858649905,2017,03,15,00,,
sales,-0.021008505797023316,0.030102127485317976,1.0,-0.03874524411883069,2017,03,15,00,,
returned_amount,0.012189049641644882,0.019996646858649905,-0.03874524411883069,1.0,2017,03,15,00,,
ano,,,,,2017,03,15,00,,
mes,,,,,2017,03,15,00,,
dia,,,,,2017,03,15,00,,
hora,,,,,2017,03,15,00,,
hour,,,,,2017,03,15,00,,
duration_(secs),1.0,0.04972547949703762,0.035165479803262956,0.03388830097118105,2017,03,15,07,,
bytes,0.04972547949703762,1.0,-0.026508178687057862,0.1596543109941184,2017,03,15,07,,
sales,0.035165479803262956,-0.026508178687057862,1.0,-0.05451160982924637,2017,03,15,07,,
returned_amount,0.03388830097118105,0.1596543109941184,-0.05451160982924637,1.0,2017,03,15,07,,
ano,,,,,2017,03,15,07,,
mes,,,,,2017,03,15,07,,
dia,,,,,2017,03,15,07,,
hora,,,,,2017,03,15,07,,
hour,,,,,2017,03,15,07,,
duration_(secs),1.0,-0.024712947228130496,0.0004502156384851302,-0.008678340764713664,2017,03,15,09,,
bytes,-0.024712947228130496,1.0,0.002164192124008329,0.02959835960014447,2017,03,15,09,,
sales,0.0004502156384851302,0.002164192124008329,1.0,-0.06332785552577024,2017,03,15,09,,
returned_amount,-0.008678340764713664,0.02959835960014447,-0.06332785552577024,1.0,2017,03,15,09,,
ano,,,,,2017,03,15,09,,
mes,,,,,2017,03,15,09,,
dia,,,,,2017,03,15,09,,
hora,,,,,2017,03,15,09,,
hour,,,,,2017,03,15,09,,
duration_(secs),1.0,-0.013948428936126776,-0.007947162258594823,0.02944778981798968,2017,03,15,08,,
bytes,-0.013948428936126776,1.0,0.07651099386034176,0.15519846076911503,2017,03,15,08,,
sales,-0.007947162258594823,0.07651099386034176,1.0,-0.052423436572832736,2017,03,15,08,,
returned_amount,0.02944778981798968,0.15519846076911503,-0.052423436572832736,1.0,2017,03,15,08,,
ano,,,,,2017,03,15,08,,
mes,,,,,2017,03,15,08,,
dia,,,,,2017,03,15,08,,
hora,,,,,2017,03,15,08,,
hour,,,,,2017,03,15,08,,
duration_(secs),1.0,0.056954017959791874,0.02005390131159218,-0.007869681169700115,2017,03,15,06,,
bytes,0.056954017959791874,1.0,-0.030862474824199817,-0.02766463782092956,2017,03,15,06,,
sales,0.02005390131159218,-0.030862474824199817,1.0,-0.056418938781068656,2017,03,15,06,,
returned_amount,-0.007869681169700115,-0.02766463782092956,-0.056418938781068656,1.0,2017,03,15,06,,
ano,,,,,2017,03,15,06,,
mes,,,,,2017,03,15,06,,
dia,,,,,2017,03,15,06,,
hora,,,,,2017,03,15,06,,
hour,,,,,2017,03,15,06,,
duration_(secs),1.0,-0.025412368271257594,0.04358917458234185,-0.010824202952268592,2017,03,15,01,,
bytes,-0.025412368271257594,1.0,-0.008047198255936486,0.005228495312544168,2017,03,15,01,,
sales,0.04358917458234185,-0.008047198255936486,1.0,-0.05554999844015755,2017,03,15,01,,
returned_amount,-0.010824202952268592,0.005228495312544168,-0.05554999844015755,1.0,2017,03,15,01,,
ano,,,,,2017,03,15,01,,
mes,,,,,2017,03,15,01,,
dia,,,,,2017,03,15,01,,
hora,,,,,2017,03,15,01,,
hour,,,,,2017,03,15,01,,
duration_(secs),1.0,0.022790905059497723,-0.028252434957891953,0.04508006223612754,2017,03,15,23,,
bytes,0.022790905059497723,1.0,-0.036370299881927325,-0.0014727399815284354,2017,03,15,23,,
sales,-0.028252434957891953,-0.036370299881927325,1.0,-0.13338474433161185,2017,03,15,23,,
returned_amount,0.04508006223612754,-0.0014727399815284354,-0.13338474433161185,1.0,2017,03,15,23,,
ano,,,,,2017,03,15,23,,
mes,,,,,2017,03,15,23,,
dia,,,,,2017,03,15,23,,
hora,,,,,2017,03,15,23,,
hour,,,,,2017,03,15,23,,
duration_(secs),1.0,0.024237414251762048,-0.04838114771113085,0.06483439162471798,2017,03,15,12,,
bytes,0.024237414251762048,1.0,0.02129273338512566,-0.023330180209731117,2017,03,15,12,,
sales,-0.04838114771113085,0.02129273338512566,1.0,-0.023659259335587626,2017,03,15,12,,
returned_amount,0.06483439162471798,-0.023330180209731117,-0.023659259335587626,1.0,2017,03,15,12,,
ano,,,,,2017,03,15,12,,
mes,,,,,2017,03,15,12,,
dia,,,,,2017,03,15,12,,
hora,,,,,2017,03,15,12,,
hour,,,,,2017,03,15,12,,
duration_(secs),1.0,0.02823686565332203,0.033146029350474324,0.012992887490882022,2017,03,15,15,,
bytes,0.02823686565332203,1.0,0.019674339803480576,0.07826896105602633,2017,03,15,15,,
sales,0.033146029350474324,0.019674339803480576,1.0,-0.10826620118555609,2017,03,15,15,,
returned_amount,0.012992887490882022,0.07826896105602633,-0.10826620118555609,1.0,2017,03,15,15,,
ano,,,,,2017,03,15,15,,
mes,,,,,2017,03,15,15,,
dia,,,,,2017,03,15,15,,
hora,,,,,2017,03,15,15,,
hour,,,,,2017,03,15,15,,
duration_(secs),1.0,0.011053008359753638,-0.005298464201669102,-0.019675490380282025,2017,03,15,14,,
bytes,0.011053008359753638,1.0,0.02874796396476753,0.035420442103685876,2017,03,15,14,,
sales,-0.005298464201669102,0.02874796396476753,1.0,-0.1299151581205047,2017,03,15,14,,
returned_amount,-0.019675490380282025,0.035420442103685876,-0.1299151581205047,1.0,2017,03,15,14,,
ano,,,,,2017,03,15,14,,
mes,,,,,2017,03,15,14,,
dia,,,,,2017,03,15,14,,
hora,,,,,2017,03,15,14,,
hour,,,,,2017,03,15,14,,
duration_(secs),1.0,0.008896353409826058,0.015830652837562027,0.02488445699276279,2017,03,15,13,,
bytes,0.008896353409826058,1.0,-0.05033154160789974,0.024399201895489157,2017,03,15,13,,
sales,0.015830652837562027,-0.05033154160789974,1.0,-0.09487973344254286,2017,03,15,13,,
returned_amount,0.02488445699276279,0.024399201895489157,-0.09487973344254286,1.0,2017,03,15,13,,
ano,,,,,2017,03,15,13,,
mes,,,,,2017,03,15,13,,
dia,,,,,2017,03,15,13,,
hora,,,,,2017,03,15,13,,
hour,,,,,2017,03,15,13,,
duration_(secs),1.0,0.003844613384383394,0.022810987997567735,0.009712426251844498,2017,03,15,22,,
bytes,0.003844613384383394,1.0,-0.06186121115141921,-0.010473981118166036,2017,03,15,22,,
sales,0.022810987997567735,-0.06186121115141921,1.0,-0.12363640010218398,2017,03,15,22,,
returned_amount,0.009712426251844498,-0.010473981118166036,-0.12363640010218398,1.0,2017,03,15,22,,
ano,,,,,2017,03,15,22,,
mes,,,,,2017,03,15,22,,
dia,,,,,2017,03,15,22,,
hora,,,,,2017,03,15,22,,
hour,,,,,2017,03,15,22,,
duration_(secs),1.0,-1.0,1.0,,2017,03,14,18,,-1.0
bytes,-1.0,1.0,-1.0,,2017,03,14,18,,1.0
age,-1.0,1.0,-1.0,,2017,03,14,18,,1.0
sales,1.0,-1.0,1.0,,2017,03,14,18,,-1.0
returned_amount,,,,,2017,03,14,18,,
ano,,,,,2017,03,14,18,,
mes,,,,,2017,03,14,18,,
dia,,,,,2017,03,14,18,,
hora,,,,,2017,03,14,18,,
hour,,,,,2017,03,14,18,,
duration_(secs),1.0,1.0,1.0000000000000002,,2017,03,14,20,,1.0
bytes,1.0,1.0,1.0000000000000002,,2017,03,14,20,,1.0
age,1.0,1.0,1.0000000000000002,,2017,03,14,20,,1.0
sales,1.0000000000000002,1.0000000000000002,1.0,,2017,03,14,20,,1.0000000000000002
returned_amount,,,,,2017,03,14,20,,
ano,,,,,2017,03,14,20,,
mes,,,,,2017,03,14,20,,
dia,,,,,2017,03,14,20,,
hora,,,,,2017,03,14,20,,
hour,,,,,2017,03,14,20,,
duration_(secs),1.0,0.20108105962999223,0.32043876927524606,,2017,03,14,17,,0.3272667067135273
bytes,0.20108105962999223,1.0,-0.4101656858244788,,2017,03,14,17,,0.7272075522051652
age,0.3272667067135273,0.7272075522051652,0.07469448276188187,,2017,03,14,17,,1.0
sales,0.32043876927524606,-0.4101656858244788,1.0,,2017,03,14,17,,0.07469448276188187
returned_amount,,,,,2017,03,14,17,,
ano,,,,,2017,03,14,17,,
mes,,,,,2017,03,14,17,,
dia,,,,,2017,03,14,17,,
hora,,,,,2017,03,14,17,,
hour,,,,,2017,03,14,17,,
duration_(secs),1.0,0.13526554493467258,0.17236215033348562,-0.5188080989810817,2017,03,14,19,,0.22808578311682642
bytes,0.13526554493467258,1.0,-0.6804810557042427,0.700272088304704,2017,03,14,19,,0.40177367863239205
age,0.22808578311682642,0.40177367863239205,-0.8399821653454859,-0.14650251635182138,2017,03,14,19,,1.0
sales,0.17236215033348562,-0.6804810557042427,1.0,-0.39934757698841955,2017,03,14,19,,-0.8399821653454859
returned_amount,-0.5188080989810817,0.700272088304704,-0.39934757698841955,1.0,2017,03,14,19,,-0.14650251635182138
ano,,,,,2017,03,14,19,,
mes,,,,,2017,03,14,19,,
dia,,,,,2017,03,14,19,,
hora,,,,,2017,03,14,19,,
hour,,,,,2017,03,14,19,,
duration_(secs),1.0,-0.032267522673768305,0.013997049673498286,0.018001317968799155,2017,03,18,04,,0.024000727114544197
bytes,-0.032267522673768305,1.0,-0.00561232667933574,0.06940339585090531,2017,03,18,04,,-0.010252776027533918
age,0.024000727114544197,-0.010252776027533918,-0.029339422631025795,-0.013459723813810744,2017,03,18,04,,1.0
sales,0.013997049673498286,-0.00561232667933574,1.0,-0.14365746445023028,2017,03,18,04,,-0.029339422631025795
returned_amount,0.018001317968799155,0.06940339585090531,-0.14365746445023028,1.0,2017,03,18,04,,-0.013459723813810744
ano,,,,,2017,03,18,04,,
mes,,,,,2017,03,18,04,,
dia,,,,,2017,03,18,04,,
hora,,,,,2017,03,18,04,,
hour,,,,,2017,03,18,04,,
duration_(secs),1.0,0.03720447789859016,0.006422821531391449,0.00619833323057684,2017,03,18,03,,
bytes,0.03720447789859016,1.0,-0.0013766472273998318,-0.009360863463963155,2017,03,18,03,,
sales,0.006422821531391449,-0.0013766472273998318,1.0,-0.08092340779052881,2017,03,18,03,,
returned_amount,0.00619833323057684,-0.009360863463963155,-0.08092340779052881,1.0,2017,03,18,03,,
ano,,,,,2017,03,18,03,,
mes,,,,,2017,03,18,03,,
dia,,,,,2017,03,18,03,,
hora,,,,,2017,03,18,03,,
hour,,,,,2017,03,18,03,,
duration_(secs),1.0,0.007200193578953633,-0.005809614195586885,0.010740387711518196,2017,03,18,02,,
bytes,0.007200193578953633,1.0,-0.01203103040772679,-0.015252494269449478,2017,03,18,02,,
sales,-0.005809614195586885,-0.01203103040772679,1.0,-0.050153673077869575,2017,03,18,02,,
returned_amount,0.010740387711518196,-0.015252494269449478,-0.050153673077869575,1.0,2017,03,18,02,,
ano,,,,,2017,03,18,02,,
mes,,,,,2017,03,18,02,,
dia,,,,,2017,03,18,02,,
hora,,,,,2017,03,18,02,,
hour,,,,,2017,03,18,02,,
duration_(secs),1.0,-0.03154115761894551,-0.02034448868632367,0.03112326193302242,2017,03,18,05,,
bytes,-0.03154115761894551,1.0,0.004286781514792828,-0.015382538419880234,2017,03,18,05,,
sales,-0.02034448868632367,0.004286781514792828,1.0,-0.142870954764463,2017,03,18,05,,
returned_amount,0.03112326193302242,-0.015382538419880234,-0.142870954764463,1.0,2017,03,18,05,,
ano,,,,,2017,03,18,05,,
mes,,,,,2017,03,18,05,,
dia,,,,,2017,03,18,05,,
hora,,,,,2017,03,18,05,,
hour,,,,,2017,03,18,05,,
duration_(secs),1.0,-0.01933179883439713,-0.005277245023077729,0.03445068674344543,2017,03,18,18,,
bytes,-0.01933179883439713,1.0,-0.06238956878613158,-0.01672538466273875,2017,03,18,18,,
sales,-0.005277245023077729,-0.06238956878613158,1.0,-0.1666978704231262,2017,03,18,18,,
returned_amount,0.03445068674344543,-0.01672538466273875,-0.1666978704231262,1.0,2017,03,18,18,,
ano,,,,,2017,03,18,18,,
mes,,,,,2017,03,18,18,,
dia,,,,,2017,03,18,18,,
hora,,,,,2017,03,18,18,,
hour,,,,,2017,03,18,18,,
duration_(secs),1.0,0.009025036779967913,0.0027728578907382463,-0.0058482572417106506,2017,03,18,20,,
bytes,0.009025036779967913,1.0,0.16885262545778898,0.07418068146169303,2017,03,18,20,,
sales,0.0027728578907382463,0.16885262545778898,1.0,-0.05508860783622415,2017,03,18,20,,
returned_amount,-0.0058482572417106506,0.07418068146169303,-0.05508860783622415,1.0,2017,03,18,20,,
ano,,,,,2017,03,18,20,,
mes,,,,,2017,03,18,20,,
dia,,,,,2017,03,18,20,,
hora,,,,,2017,03,18,20,,
hour,,,,,2017,03,18,20,,
duration_(secs),1.0,-0.022028209038562348,0.01133747753824605,0.023494855954815506,2017,03,18,16,,
bytes,-0.022028209038562348,1.0,-0.012669009519646328,-0.008860459329899355,2017,03,18,16,,
sales,0.01133747753824605,-0.012669009519646328,1.0,-0.16153259834096612,2017,03,18,16,,
returned_amount,0.023494855954815506,-0.008860459329899355,-0.16153259834096612,1.0,2017,03,18,16,,
ano,,,,,2017,03,18,16,,
mes,,,,,2017,03,18,16,,
dia,,,,,2017,03,18,16,,
hora,,,,,2017,03,18,16,,
hour,,,,,2017,03,18,16,,
duration_(secs),1.0,-0.045755716356351187,-0.016179224202328285,0.003491953772524297,2017,03,18,11,,
bytes,-0.045755716356351187,1.0,-0.0460189497805191,0.00014532091162385098,2017,03,18,11,,
sales,-0.016179224202328285,-0.0460189497805191,1.0,-0.14556905810541815,2017,03,18,11,,
returned_amount,0.003491953772524297,0.00014532091162385098,-0.14556905810541815,1.0,2017,03,18,11,,
ano,,,,,2017,03,18,11,,
mes,,,,,2017,03,18,11,,
dia,,,,,2017,03,18,11,,
hora,,,,,2017,03,18,11,,
hour,,,,,2017,03,18,11,,
duration_(secs),1.0,-0.023688896393129776,0.024424035530909865,-0.042131662300412945,2017,03,18,10,,
bytes,-0.023688896393129776,1.0,0.0064639255882472735,0.00030946233492101566,2017,03,18,10,,
sales,0.024424035530909865,0.0064639255882472735,1.0,-0.15103841525554942,2017,03,18,10,,
returned_amount,-0.042131662300412945,0.00030946233492101566,-0.15103841525554942,1.0,2017,03,18,10,,
ano,,,,,2017,03,18,10,,
mes,,,,,2017,03,18,10,,
dia,,,,,2017,03,18,10,,
hora,,,,,2017,03,18,10,,
hour,,,,,2017,03,18,10,,
duration_(secs),1.0,0.014850657962661953,-0.03686811137002774,0.018570537110609554,2017,03,18,17,,
bytes,0.014850657962661953,1.0,0.10251399497028744,0.052713965805975205,2017,03,18,17,,
sales,-0.03686811137002774,0.10251399497028744,1.0,-0.14101926976210363,2017,03,18,17,,
returned_amount,0.018570537110609554,0.052713965805975205,-0.14101926976210363,1.0,2017,03,18,17,,
ano,,,,,2017,03,18,17,,
mes,,,,,2017,03,18,17,,
dia,,,,,2017,03,18,17,,
hora,,,,,2017,03,18,17,,
hour,,,,,2017,03,18,17,,
duration_(secs),1.0,-0.018864829278171902,0.0010539429436387088,0.0016160674916612684,2017,03,18,21,,
bytes,-0.018864829278171902,1.0,0.1679998738863596,0.08550234267017666,2017,03,18,21,,
sales,0.0010539429436387088,0.1679998738863596,1.0,-0.03140749484508014,2017,03,18,21,,
returned_amount,0.0016160674916612684,0.08550234267017666,-0.03140749484508014,1.0,2017,03,18,21,,
ano,,,,,2017,03,18,21,,
mes,,,,,2017,03,18,21,,
dia,,,,,2017,03,18,21,,
hora,,,,,2017,03,18,21,,
hour,,,,,2017,03,18,21,,
duration_(secs),1.0,0.0352750951513678,0.049583789894647526,-0.024112214015598352,2017,03,18,19,,
bytes,0.0352750951513678,1.0,0.01981101839730511,0.06872045179084077,2017,03,18,19,,
sales,0.049583789894647526,0.01981101839730511,1.0,-0.13924415852910302,2017,03,18,19,,
returned_amount,-0.024112214015598352,0.06872045179084077,-0.13924415852910302,1.0,2017,03,18,19,,
ano,,,,,2017,03,18,19,,
mes,,,,,2017,03,18,19,,
dia,,,,,2017,03,18,19,,
hora,,,,,2017,03,18,19,,
hour,,,,,2017,03,18,19,,
duration_(secs),1.0,-0.022753495451471185,-0.060719715430676675,-0.011793864494488313,2017,03,18,00,,
bytes,-0.022753495451471185,1.0,0.017249557535755074,-0.031366081713373815,2017,03,18,00,,
sales,-0.060719715430676675,0.017249557535755074,1.0,-0.0432781204322926,2017,03,18,00,,
returned_amount,-0.011793864494488313,-0.031366081713373815,-0.0432781204322926,1.0,2017,03,18,00,,
ano,,,,,2017,03,18,00,,
mes,,,,,2017,03,18,00,,
dia,,,,,2017,03,18,00,,
hora,,,,,2017,03,18,00,,
hour,,,,,2017,03,18,00,,
duration_(secs),1.0,0.01042204803642655,-0.058625792602453736,0.05820600471036152,2017,03,18,07,,
bytes,0.01042204803642655,1.0,-0.021479103355160928,-0.0012477775430769019,2017,03,18,07,,
sales,-0.058625792602453736,-0.021479103355160928,1.0,-0.12935158485751433,2017,03,18,07,,
returned_amount,0.05820600471036152,-0.0012477775430769019,-0.12935158485751433,1.0,2017,03,18,07,,
ano,,,,,2017,03,18,07,,
mes,,,,,2017,03,18,07,,
dia,,,,,2017,03,18,07,,
hora,,,,,2017,03,18,07,,
hour,,,,,2017,03,18,07,,
duration_(secs),1.0,-0.04956276548576687,-0.002717964677462145,-0.003490484920043453,2017,03,18,09,,
bytes,-0.04956276548576687,1.0,-0.05177405375447734,0.059899219681960165,2017,03,18,09,,
sales,-0.002717964677462145,-0.05177405375447734,1.0,-0.13269988472599314,2017,03,18,09,,
returned_amount,-0.003490484920043453,0.059899219681960165,-0.13269988472599314,1.0,2017,03,18,09,,
ano,,,,,2017,03,18,09,,
mes,,,,,2017,03,18,09,,
dia,,,,,2017,03,18,09,,
hora,,,,,2017,03,18,09,,
hour,,,,,2017,03,18,09,,
duration_(secs),1.0,-0.00036329091683455424,0.011204257845663663,0.06194479254466622,2017,03,18,08,,
bytes,-0.00036329091683455424,1.0,0.013182303930668998,-0.043004854414893386,2017,03,18,08,,
sales,0.011204257845663663,0.013182303930668998,1.0,-0.135356240092507,2017,03,18,08,,
returned_amount,0.06194479254466622,-0.043004854414893386,-0.135356240092507,1.0,2017,03,18,08,,
ano,,,,,2017,03,18,08,,
mes,,,,,2017,03,18,08,,
dia,,,,,2017,03,18,08,,
hora,,,,,2017,03,18,08,,
hour,,,,,2017,03,18,08,,
duration_(secs),1.0,0.029633854188901555,-0.046158318502660965,-0.028018664307664375,2017,03,18,06,,
bytes,0.029633854188901555,1.0,-0.028705918707920705,0.0028951514386829596,2017,03,18,06,,
sales,-0.046158318502660965,-0.028705918707920705,1.0,-0.14368783475037428,2017,03,18,06,,
returned_amount,-0.028018664307664375,0.0028951514386829596,-0.14368783475037428,1.0,2017,03,18,06,,
ano,,,,,2017,03,18,06,,
mes,,,,,2017,03,18,06,,
dia,,,,,2017,03,18,06,,
hora,,,,,2017,03,18,06,,
hour,,,,,2017,03,18,06,,
duration_(secs),1.0,-0.07868200082555378,-0.003592588482000394,0.013878298144860792,2017,03,18,01,,
bytes,-0.07868200082555378,1.0,0.07066229922660404,0.028106726031078832,2017,03,18,01,,
sales,-0.003592588482000394,0.07066229922660404,1.0,-0.04649284200406587,2017,03,18,01,,
returned_amount,0.013878298144860792,0.028106726031078832,-0.04649284200406587,1.0,2017,03,18,01,,
ano,,,,,2017,03,18,01,,
mes,,,,,2017,03,18,01,,
dia,,,,,2017,03,18,01,,
hora,,,,,2017,03,18,01,,
hour,,,,,2017,03,18,01,,
duration_(secs),1.0,0.04412169866099406,-0.04373459258699613,-0.009775341985714456,2017,03,18,23,,
bytes,0.04412169866099406,1.0,0.04145505596796212,0.006905531760693162,2017,03,18,23,,
sales,-0.04373459258699613,0.04145505596796212,1.0,-0.1360576048201785,2017,03,18,23,,
returned_amount,-0.009775341985714456,0.006905531760693162,-0.1360576048201785,1.0,2017,03,18,23,,
ano,,,,,2017,03,18,23,,
mes,,,,,2017,03,18,23,,
dia,,,,,2017,03,18,23,,
hora,,,,,2017,03,18,23,,
hour,,,,,2017,03,18,23,,
duration_(secs),1.0,0.01821018825146222,0.006630438596362045,-0.0020644196468477625,2017,03,18,12,,
bytes,0.01821018825146222,1.0,-0.013650511287614723,0.003651959338029955,2017,03,18,12,,
sales,0.006630438596362045,-0.013650511287614723,1.0,-0.14337681977924027,2017,03,18,12,,
returned_amount,-0.0020644196468477625,0.003651959338029955,-0.14337681977924027,1.0,2017,03,18,12,,
ano,,,,,2017,03,18,12,,
mes,,,,,2017,03,18,12,,
dia,,,,,2017,03,18,12,,
hora,,,,,2017,03,18,12,,
hour,,,,,2017,03,18,12,,
duration_(secs),1.0,-0.03655185224914787,-0.07735365178390007,-0.039888720238321615,2017,03,18,15,,
bytes,-0.03655185224914787,1.0,0.024034387208150747,0.010116346136348783,2017,03,18,15,,
sales,-0.07735365178390007,0.024034387208150747,1.0,-0.1433738318669334,2017,03,18,15,,
returned_amount,-0.039888720238321615,0.010116346136348783,-0.1433738318669334,1.0,2017,03,18,15,,
ano,,,,,2017,03,18,15,,
mes,,,,,2017,03,18,15,,
dia,,,,,2017,03,18,15,,
hora,,,,,2017,03,18,15,,
hour,,,,,2017,03,18,15,,
duration_(secs),1.0,0.025916799371328063,0.004714015713552829,0.004364596381582149,2017,03,18,14,,
bytes,0.025916799371328063,1.0,-0.018305842779727213,-0.014507874706236613,2017,03,18,14,,
sales,0.004714015713552829,-0.018305842779727213,1.0,-0.14080533052807506,2017,03,18,14,,
returned_amount,0.004364596381582149,-0.014507874706236613,-0.14080533052807506,1.0,2017,03,18,14,,
ano,,,,,2017,03,18,14,,
mes,,,,,2017,03,18,14,,
dia,,,,,2017,03,18,14,,
hora,,,,,2017,03,18,14,,
hour,,,,,2017,03,18,14,,
duration_(secs),1.0,-0.04467859581248681,-0.020969992685115846,-0.029396631204401467,2017,03,18,13,,
bytes,-0.04467859581248681,1.0,-0.04131487501109348,0.06623973309104703,2017,03,18,13,,
sales,-0.020969992685115846,-0.04131487501109348,1.0,-0.1513440167955017,2017,03,18,13,,
returned_amount,-0.029396631204401467,0.06623973309104703,-0.1513440167955017,1.0,2017,03,18,13,,
ano,,,,,2017,03,18,13,,
mes,,,,,2017,03,18,13,,
dia,,,,,2017,03,18,13,,
hora,,,,,2017,03,18,13,,
hour,,,,,2017,03,18,13,,
duration_(secs),1.0,-0.012745770868700776,-0.01265135606766207,-0.010585223829827238,2017,03,18,22,,
bytes,-0.012745770868700776,1.0,0.25576900253409135,0.1168261290172034,2017,03,18,22,,
sales,-0.01265135606766207,0.25576900253409135,1.0,-0.029014097925022794,2017,03,18,22,,
returned_amount,-0.010585223829827238,0.1168261290172034,-0.029014097925022794,1.0,2017,03,18,22,,
ano,,,,,2017,03,18,22,,
mes,,,,,2017,03,18,22,,
dia,,,,,2017,03,18,22,,
hora,,,,,2017,03,18,22,,
hour,,,,,2017,03,18,22,,
duration_(secs),1.0,-0.03112048316426069,-0.019801118888758067,-0.016626889554547004,2017,03,20,04,,
bytes,-0.03112048316426069,1.0,0.054979854664056464,-0.00905987025908929,2017,03,20,04,,
age,,,,,2017,03,20,04,,
sales,-0.019801118888758067,0.054979854664056464,1.0,-0.12245864027494485,2017,03,20,04,,
returned_amount,-0.016626889554547004,-0.00905987025908929,-0.12245864027494485,1.0,2017,03,20,04,,
ano,,,,,2017,03,20,04,,
mes,,,,,2017,03,20,04,,
dia,,,,,2017,03,20,04,,
hora,,,,,2017,03,20,04,,
hour,,,,,2017,03,20,04,,
duration_(secs),1.0,0.019057459936094766,-0.018000014653525187,-0.03697931742124937,2017,03,20,03,,
bytes,0.019057459936094766,1.0,-0.11200710653215949,0.014391217369665003,2017,03,20,03,,
age,,,,,2017,03,20,03,,
sales,-0.018000014653525187,-0.11200710653215949,1.0,-0.10385214849331544,2017,03,20,03,,
returned_amount,-0.03697931742124937,0.014391217369665003,-0.10385214849331544,1.0,2017,03,20,03,,
ano,,,,,2017,03,20,03,,
mes,,,,,2017,03,20,03,,
dia,,,,,2017,03,20,03,,
hora,,,,,2017,03,20,03,,
hour,,,,,2017,03,20,03,,
duration_(secs),1.0,0.009645658378424822,0.009705663810636552,0.07933716169432242,2017,03,20,02,,
bytes,0.009645658378424822,1.0,-0.01686667240447217,0.007087216916058044,2017,03,20,02,,
age,,,,,2017,03,20,02,,
sales,0.009705663810636552,-0.01686667240447217,1.0,-0.1420840914508729,2017,03,20,02,,
returned_amount,0.07933716169432242,0.007087216916058044,-0.1420840914508729,1.0,2017,03,20,02,,
ano,,,,,2017,03,20,02,,
mes,,,,,2017,03,20,02,,
dia,,,,,2017,03,20,02,,
hora,,,,,2017,03,20,02,,
hour,,,,,2017,03,20,02,,
duration_(secs),1.0,-0.003650236158457085,-0.03553173053505972,-0.047211099195017626,2017,03,20,05,,
bytes,-0.003650236158457085,1.0,-0.03913860460463867,-0.004004166689304009,2017,03,20,05,,
age,,,,,2017,03,20,05,,
sales,-0.03553173053505972,-0.03913860460463867,1.0,-0.10297239714172447,2017,03,20,05,,
returned_amount,-0.047211099195017626,-0.004004166689304009,-0.10297239714172447,1.0,2017,03,20,05,,
ano,,,,,2017,03,20,05,,
mes,,,,,2017,03,20,05,,
dia,,,,,2017,03,20,05,,
hora,,,,,2017,03,20,05,,
hour,,,,,2017,03,20,05,,
duration_(secs),1.0,-0.036797507956183424,-0.04773743953050621,-0.026736473570535955,2017,03,20,18,,
bytes,-0.036797507956183424,1.0,0.014611251312136172,-0.01353082008202496,2017,03,20,18,,
age,,,,,2017,03,20,18,,
sales,-0.04773743953050621,0.014611251312136172,1.0,-0.14619310381640363,2017,03,20,18,,
returned_amount,-0.026736473570535955,-0.01353082008202496,-0.14619310381640363,1.0,2017,03,20,18,,
ano,,,,,2017,03,20,18,,
mes,,,,,2017,03,20,18,,
dia,,,,,2017,03,20,18,,
hora,,,,,2017,03,20,18,,
hour,,,,,2017,03,20,18,,
duration_(secs),1.0,0.003849549712976551,-0.032258335281452805,0.004841459775888478,2017,03,20,20,,
bytes,0.003849549712976551,1.0,0.049064989523361885,-0.018162602384225467,2017,03,20,20,,
age,,,,,2017,03,20,20,,
sales,-0.032258335281452805,0.049064989523361885,1.0,-0.13554405146258897,2017,03,20,20,,
returned_amount,0.004841459775888478,-0.018162602384225467,-0.13554405146258897,1.0,2017,03,20,20,,
ano,,,,,2017,03,20,20,,
mes,,,,,2017,03,20,20,,
dia,,,,,2017,03,20,20,,
hora,,,,,2017,03,20,20,,
hour,,,,,2017,03,20,20,,
duration_(secs),1.0,0.04370951348898372,-0.05432814092377147,0.009586903105128967,2017,03,20,16,,
bytes,0.04370951348898372,1.0,-0.012317876007505299,-0.07409343715557272,2017,03,20,16,,
age,,,,,2017,03,20,16,,
sales,-0.05432814092377147,-0.012317876007505299,1.0,-0.14594401860309264,2017,03,20,16,,
returned_amount,0.009586903105128967,-0.07409343715557272,-0.14594401860309264,1.0,2017,03,20,16,,
ano,,,,,2017,03,20,16,,
mes,,,,,2017,03,20,16,,
dia,,,,,2017,03,20,16,,
hora,,,,,2017,03,20,16,,
hour,,,,,2017,03,20,16,,
duration_(secs),1.0,0.00560899079539775,0.004934057451920431,-0.0013932639094475898,2017,03,20,11,,
bytes,0.00560899079539775,1.0,-0.0041551676840082055,-0.011398469471133706,2017,03,20,11,,
age,,,,,2017,03,20,11,,
sales,0.004934057451920431,-0.0041551676840082055,1.0,-0.14248700091793978,2017,03,20,11,,
returned_amount,-0.0013932639094475898,-0.011398469471133706,-0.14248700091793978,1.0,2017,03,20,11,,
ano,,,,,2017,03,20,11,,
mes,,,,,2017,03,20,11,,
dia,,,,,2017,03,20,11,,
hora,,,,,2017,03,20,11,,
hour,,,,,2017,03,20,11,,
duration_(secs),1.0,0.016922392928860032,0.06639113040594398,-0.04446324291364403,2017,03,20,10,,
bytes,0.016922392928860032,1.0,0.0593978644968867,-0.017673045445724636,2017,03,20,10,,
age,,,,,2017,03,20,10,,
sales,0.06639113040594398,0.0593978644968867,1.0,-0.14604539565941269,2017,03,20,10,,
returned_amount,-0.04446324291364403,-0.017673045445724636,-0.14604539565941269,1.0,2017,03,20,10,,
ano,,,,,2017,03,20,10,,
mes,,,,,2017,03,20,10,,
dia,,,,,2017,03,20,10,,
hora,,,,,2017,03,20,10,,
hour,,,,,2017,03,20,10,,
duration_(secs),1.0,-0.006618888211666846,-0.006769548346844268,-0.014499929300577379,2017,03,20,17,,
bytes,-0.006618888211666846,1.0,0.015247770195965925,-0.007500674429216785,2017,03,20,17,,
age,,,,,2017,03,20,17,,
sales,-0.006769548346844268,0.015247770195965925,1.0,-0.1492957144002992,2017,03,20,17,,
returned_amount,-0.014499929300577379,-0.007500674429216785,-0.1492957144002992,1.0,2017,03,20,17,,
ano,,,,,2017,03,20,17,,
mes,,,,,2017,03,20,17,,
dia,,,,,2017,03,20,17,,
hora,,,,,2017,03,20,17,,
hour,,,,,2017,03,20,17,,
duration_(secs),1.0,-0.007558179352118397,0.000554572647880751,-0.002169888760021365,2017,03,20,21,,
bytes,-0.007558179352118397,1.0,-0.022561649958946804,-0.01336882475125215,2017,03,20,21,,
age,,,,,2017,03,20,21,,
sales,0.000554572647880751,-0.022561649958946804,1.0,-0.13077051314882623,2017,03,20,21,,
returned_amount,-0.002169888760021365,-0.01336882475125215,-0.13077051314882623,1.0,2017,03,20,21,,
ano,,,,,2017,03,20,21,,
mes,,,,,2017,03,20,21,,
dia,,,,,2017,03,20,21,,
hora,,,,,2017,03,20,21,,
hour,,,,,2017,03,20,21,,
duration_(secs),1.0,0.012974713576252288,0.017178321873482623,-0.002052032616897384,2017,03,20,19,,
bytes,0.012974713576252288,1.0,-0.07425689530236379,0.03257667019680236,2017,03,20,19,,
age,,,,,2017,03,20,19,,
sales,0.017178321873482623,-0.07425689530236379,1.0,-0.14352627881135863,2017,03,20,19,,
returned_amount,-0.002052032616897384,0.03257667019680236,-0.14352627881135863,1.0,2017,03,20,19,,
ano,,,,,2017,03,20,19,,
mes,,,,,2017,03,20,19,,
dia,,,,,2017,03,20,19,,
hora,,,,,2017,03,20,19,,
hour,,,,,2017,03,20,19,,
duration_(secs),1.0,0.036090244666975795,0.0018610483657540136,0.007163885113790791,2017,03,20,00,,
bytes,0.036090244666975795,1.0,-0.028829116851354367,-0.019199646991383046,2017,03,20,00,,
age,,,,,2017,03,20,00,,
sales,0.0018610483657540136,-0.028829116851354367,1.0,-0.1352578984343514,2017,03,20,00,,
returned_amount,0.007163885113790791,-0.019199646991383046,-0.1352578984343514,1.0,2017,03,20,00,,
ano,,,,,2017,03,20,00,,
mes,,,,,2017,03,20,00,,
dia,,,,,2017,03,20,00,,
hora,,,,,2017,03,20,00,,
hour,,,,,2017,03,20,00,,
duration_(secs),1.0,-0.00022829965626415736,-0.028063280887606228,-0.027183411807999006,2017,03,20,07,,
bytes,-0.00022829965626415736,1.0,-0.005715578570323549,0.006019375618758253,2017,03,20,07,,
age,,,,,2017,03,20,07,,
sales,-0.028063280887606228,-0.005715578570323549,1.0,-0.15157531101036387,2017,03,20,07,,
returned_amount,-0.027183411807999006,0.006019375618758253,-0.15157531101036387,1.0,2017,03,20,07,,
ano,,,,,2017,03,20,07,,
mes,,,,,2017,03,20,07,,
dia,,,,,2017,03,20,07,,
hora,,,,,2017,03,20,07,,
hour,,,,,2017,03,20,07,,
duration_(secs),1.0,-0.006659284147704153,-0.035230675683854525,0.0050902418257902805,2017,03,20,09,,
bytes,-0.006659284147704153,1.0,0.033412125309802566,0.05000003644828733,2017,03,20,09,,
age,,,,,2017,03,20,09,,
sales,-0.035230675683854525,0.033412125309802566,1.0,-0.14023190684180936,2017,03,20,09,,
returned_amount,0.0050902418257902805,0.05000003644828733,-0.14023190684180936,1.0,2017,03,20,09,,
ano,,,,,2017,03,20,09,,
mes,,,,,2017,03,20,09,,
dia,,,,,2017,03,20,09,,
hora,,,,,2017,03,20,09,,
hour,,,,,2017,03,20,09,,
duration_(secs),1.0,-0.04847985191324987,-0.004744535515830709,0.02677240853064394,2017,03,20,08,,
bytes,-0.04847985191324987,1.0,-0.012450425080809268,-0.0071280815302833915,2017,03,20,08,,
age,,,,,2017,03,20,08,,
sales,-0.004744535515830709,-0.012450425080809268,1.0,-0.13979107778286032,2017,03,20,08,,
returned_amount,0.02677240853064394,-0.0071280815302833915,-0.13979107778286032,1.0,2017,03,20,08,,
ano,,,,,2017,03,20,08,,
mes,,,,,2017,03,20,08,,
dia,,,,,2017,03,20,08,,
hora,,,,,2017,03,20,08,,
hour,,,,,2017,03,20,08,,
duration_(secs),1.0,-0.02350183099647342,-0.024432648715384784,0.004146638885186952,2017,03,20,06,,
bytes,-0.02350183099647342,1.0,-0.06561139755192183,-0.05323726142710994,2017,03,20,06,,
age,,,,,2017,03,20,06,,
sales,-0.024432648715384784,-0.06561139755192183,1.0,-0.12555153473173047,2017,03,20,06,,
returned_amount,0.004146638885186952,-0.05323726142710994,-0.12555153473173047,1.0,2017,03,20,06,,
ano,,,,,2017,03,20,06,,
mes,,,,,2017,03,20,06,,
dia,,,,,2017,03,20,06,,
hora,,,,,2017,03,20,06,,
hour,,,,,2017,03,20,06,,
duration_(secs),1.0,-0.06083193005569952,-0.050300603242608107,0.033337233384729055,2017,03,20,01,,
bytes,-0.06083193005569952,1.0,0.02810215815286496,0.05952726111766642,2017,03,20,01,,
age,,,,,2017,03,20,01,,
sales,-0.050300603242608107,0.02810215815286496,1.0,-0.140951919357356,2017,03,20,01,,
returned_amount,0.033337233384729055,0.05952726111766642,-0.140951919357356,1.0,2017,03,20,01,,
ano,,,,,2017,03,20,01,,
mes,,,,,2017,03,20,01,,
dia,,,,,2017,03,20,01,,
hora,,,,,2017,03,20,01,,
hour,,,,,2017,03,20,01,,
duration_(secs),1.0,0.03931637911500809,-0.023328918743305935,0.0026659882174031443,2017,03,20,23,,
bytes,0.03931637911500809,1.0,-0.008899103102611812,0.01575067406304173,2017,03,20,23,,
age,,,,,2017,03,20,23,,
sales,-0.023328918743305935,-0.008899103102611812,1.0,-0.05027673276650067,2017,03,20,23,,
returned_amount,0.0026659882174031443,0.01575067406304173,-0.05027673276650067,1.0,2017,03,20,23,,
ano,,,,,2017,03,20,23,,
mes,,,,,2017,03,20,23,,
dia,,,,,2017,03,20,23,,
hora,,,,,2017,03,20,23,,
hour,,,,,2017,03,20,23,,
duration_(secs),1.0,-0.03183459360810492,0.029409595038828257,-0.03222833634892541,2017,03,20,12,,
bytes,-0.03183459360810492,1.0,0.02373945882983711,-0.00131539529372951,2017,03,20,12,,
age,,,,,2017,03,20,12,,
sales,0.029409595038828257,0.02373945882983711,1.0,-0.13658154436085074,2017,03,20,12,,
returned_amount,-0.03222833634892541,-0.00131539529372951,-0.13658154436085074,1.0,2017,03,20,12,,
ano,,,,,2017,03,20,12,,
mes,,,,,2017,03,20,12,,
dia,,,,,2017,03,20,12,,
hora,,,,,2017,03,20,12,,
hour,,,,,2017,03,20,12,,
duration_(secs),1.0,-0.005609628187456871,0.046306213263741264,0.023995968052213008,2017,03,20,15,,
bytes,-0.005609628187456871,1.0,-0.03475375274632505,-0.014140001577144883,2017,03,20,15,,
age,,,,,2017,03,20,15,,
sales,0.046306213263741264,-0.03475375274632505,1.0,-0.1520518590411029,2017,03,20,15,,
returned_amount,0.023995968052213008,-0.014140001577144883,-0.1520518590411029,1.0,2017,03,20,15,,
ano,,,,,2017,03,20,15,,
mes,,,,,2017,03,20,15,,
dia,,,,,2017,03,20,15,,
hora,,,,,2017,03,20,15,,
hour,,,,,2017,03,20,15,,
duration_(secs),1.0,-0.017044938311577985,0.023849480299001507,-0.012960034594654876,2017,03,20,14,,
bytes,-0.017044938311577985,1.0,0.005569616479196691,0.0005520791777140477,2017,03,20,14,,
age,,,,,2017,03,20,14,,
sales,0.023849480299001507,0.005569616479196691,1.0,-0.14567531252693133,2017,03,20,14,,
returned_amount,-0.012960034594654876,0.0005520791777140477,-0.14567531252693133,1.0,2017,03,20,14,,
ano,,,,,2017,03,20,14,,
mes,,,,,2017,03,20,14,,
dia,,,,,2017,03,20,14,,
hora,,,,,2017,03,20,14,,
hour,,,,,2017,03,20,14,,
duration_(secs),1.0,0.01689291276845377,-0.012321394899031366,-0.009114127425611717,2017,03,20,13,,
bytes,0.01689291276845377,1.0,-0.013099815460986094,-0.021807629758381863,2017,03,20,13,,
age,,,,,2017,03,20,13,,
sales,-0.012321394899031366,-0.013099815460986094,1.0,-0.15196719795566577,2017,03,20,13,,
returned_amount,-0.009114127425611717,-0.021807629758381863,-0.15196719795566577,1.0,2017,03,20,13,,
ano,,,,,2017,03,20,13,,
mes,,,,,2017,03,20,13,,
dia,,,,,2017,03,20,13,,
hora,,,,,2017,03,20,13,,
hour,,,,,2017,03,20,13,,
duration_(secs),1.0,0.0590059677390228,0.0022051406955148527,,2017,03,20,22,,
bytes,0.0590059677390228,1.0,-0.017640878209329545,,2017,03,20,22,,
age,,,,,2017,03,20,22,,
sales,0.0022051406955148527,-0.017640878209329545,1.0,,2017,03,20,22,,
returned_amount,,,,,2017,03,20,22,,
ano,,,,,2017,03,20,22,,
mes,,,,,2017,03,20,22,,
dia,,,,,2017,03,20,22,,
hora,,,,,2017,03,20,22,,
hour,,,,,2017,03,20,22,,
duration_(secs),1.0,0.02912418210383765,0.008260071470024812,0.00651752607786471,2017,03,16,04,,
bytes,0.02912418210383765,1.0,-0.003313887854146809,-0.022337648921813644,2017,03,16,04,,
sales,0.008260071470024812,-0.003313887854146809,1.0,-0.1436029287821203,2017,03,16,04,,
returned_amount,0.00651752607786471,-0.022337648921813644,-0.1436029287821203,1.0,2017,03,16,04,,
ano,,,,,2017,03,16,04,,
mes,,,,,2017,03,16,04,,
dia,,,,,2017,03,16,04,,
hora,,,,,2017,03,16,04,,
hour,,,,,2017,03,16,04,,
duration_(secs),1.0,-0.02094694421149997,0.01637720160992216,0.013746006521175464,2017,03,16,03,,
bytes,-0.02094694421149997,1.0,-0.0285886761482213,-2.025373558008916e-05,2017,03,16,03,,
sales,0.01637720160992216,-0.0285886761482213,1.0,-0.09693961287524966,2017,03,16,03,,
returned_amount,0.013746006521175464,-2.025373558008916e-05,-0.09693961287524966,1.0,2017,03,16,03,,
ano,,,,,2017,03,16,03,,
mes,,,,,2017,03,16,03,,
dia,,,,,2017,03,16,03,,
hora,,,,,2017,03,16,03,,
hour,,,,,2017,03,16,03,,
duration_(secs),1.0,0.025727148504123904,-0.01982075646648544,-0.04764080181734861,2017,03,16,02,,
bytes,0.025727148504123904,1.0,0.013492613808069856,-0.018021508740567415,2017,03,16,02,,
sales,-0.01982075646648544,0.013492613808069856,1.0,-0.15471949449811576,2017,03,16,02,,
returned_amount,-0.04764080181734861,-0.018021508740567415,-0.15471949449811576,1.0,2017,03,16,02,,
ano,,,,,2017,03,16,02,,
mes,,,,,2017,03,16,02,,
dia,,,,,2017,03,16,02,,
hora,,,,,2017,03,16,02,,
hour,,,,,2017,03,16,02,,
duration_(secs),1.0,-0.015821313527358112,-0.013863033439573886,0.06012060014787408,2017,03,16,05,,
bytes,-0.015821313527358112,1.0,0.010222193604236797,-0.004250240553596882,2017,03,16,05,,
sales,-0.013863033439573886,0.010222193604236797,1.0,-0.10783966037659357,2017,03,16,05,,
returned_amount,0.06012060014787408,-0.004250240553596882,-0.10783966037659357,1.0,2017,03,16,05,,
ano,,,,,2017,03,16,05,,
mes,,,,,2017,03,16,05,,
dia,,,,,2017,03,16,05,,
hora,,,,,2017,03,16,05,,
hour,,,,,2017,03,16,05,,
duration_(secs),1.0,0.021093218845889123,-0.057971040512882384,0.01410433660219581,2017,03,16,18,,
bytes,0.021093218845889123,1.0,0.007231033727569122,-0.05167023768360482,2017,03,16,18,,
sales,-0.057971040512882384,0.007231033727569122,1.0,-0.1518886755877035,2017,03,16,18,,
returned_amount,0.01410433660219581,-0.05167023768360482,-0.1518886755877035,1.0,2017,03,16,18,,
ano,,,,,2017,03,16,18,,
mes,,,,,2017,03,16,18,,
dia,,,,,2017,03,16,18,,
hora,,,,,2017,03,16,18,,
hour,,,,,2017,03,16,18,,
duration_(secs),1.0,0.026154587181354785,0.02654506641691391,0.02204555206050607,2017,03,16,20,,
bytes,0.026154587181354785,1.0,0.14485264475722495,0.084459059057365,2017,03,16,20,,
sales,0.02654506641691391,0.14485264475722495,1.0,-0.04406265402536579,2017,03,16,20,,
returned_amount,0.02204555206050607,0.084459059057365,-0.04406265402536579,1.0,2017,03,16,20,,
ano,,,,,2017,03,16,20,,
mes,,,,,2017,03,16,20,,
dia,,,,,2017,03,16,20,,
hora,,,,,2017,03,16,20,,
hour,,,,,2017,03,16,20,,
duration_(secs),1.0,0.009045807626980535,0.013508883629174361,-0.02876943292045111,2017,03,16,16,,
bytes,0.009045807626980535,1.0,0.05951197348602026,0.004438425272188957,2017,03,16,16,,
sales,0.013508883629174361,0.05951197348602026,1.0,-0.14209112969763632,2017,03,16,16,,
returned_amount,-0.02876943292045111,0.004438425272188957,-0.14209112969763632,1.0,2017,03,16,16,,
ano,,,,,2017,03,16,16,,
mes,,,,,2017,03,16,16,,
dia,,,,,2017,03,16,16,,
hora,,,,,2017,03,16,16,,
hour,,,,,2017,03,16,16,,
duration_(secs),1.0,0.008471206612652148,0.04262492300046878,-0.05163344781741309,2017,03,16,11,,
bytes,0.008471206612652148,1.0,0.0646017513035554,-0.022068509309241417,2017,03,16,11,,
sales,0.04262492300046878,0.0646017513035554,1.0,-0.12555181341461977,2017,03,16,11,,
returned_amount,-0.05163344781741309,-0.022068509309241417,-0.12555181341461977,1.0,2017,03,16,11,,
ano,,,,,2017,03,16,11,,
mes,,,,,2017,03,16,11,,
dia,,,,,2017,03,16,11,,
hora,,,,,2017,03,16,11,,
hour,,,,,2017,03,16,11,,
duration_(secs),1.0,0.05365122435762012,-0.0636489015832827,0.01812286923307642,2017,03,16,10,,
bytes,0.05365122435762012,1.0,0.08866713834939932,-0.010218105941350013,2017,03,16,10,,
sales,-0.0636489015832827,0.08866713834939932,1.0,-0.13725436031645136,2017,03,16,10,,
returned_amount,0.01812286923307642,-0.010218105941350013,-0.13725436031645136,1.0,2017,03,16,10,,
ano,,,,,2017,03,16,10,,
mes,,,,,2017,03,16,10,,
dia,,,,,2017,03,16,10,,
hora,,,,,2017,03,16,10,,
hour,,,,,2017,03,16,10,,
duration_(secs),1.0,0.02384715912667888,0.0587176669432002,-0.028514158508768466,2017,03,16,17,,
bytes,0.02384715912667888,1.0,-0.004925097202675841,-0.03416328802055584,2017,03,16,17,,
sales,0.0587176669432002,-0.004925097202675841,1.0,-0.15763523187435227,2017,03,16,17,,
returned_amount,-0.028514158508768466,-0.03416328802055584,-0.15763523187435227,1.0,2017,03,16,17,,
ano,,,,,2017,03,16,17,,
mes,,,,,2017,03,16,17,,
dia,,,,,2017,03,16,17,,
hora,,,,,2017,03,16,17,,
hour,,,,,2017,03,16,17,,
duration_(secs),1.0,-0.0618447122581959,-0.03473797149439551,-0.010424676250493889,2017,03,16,21,,
bytes,-0.0618447122581959,1.0,0.18198651398316695,0.03890951612518885,2017,03,16,21,,
sales,-0.03473797149439551,0.18198651398316695,1.0,-0.06305480003586174,2017,03,16,21,,
returned_amount,-0.010424676250493889,0.03890951612518885,-0.06305480003586174,1.0,2017,03,16,21,,
ano,,,,,2017,03,16,21,,
mes,,,,,2017,03,16,21,,
dia,,,,,2017,03,16,21,,
hora,,,,,2017,03,16,21,,
hour,,,,,2017,03,16,21,,
duration_(secs),1.0,0.014013677758660224,0.026738003934416308,-0.026298548740260518,2017,03,16,19,,
bytes,0.014013677758660224,1.0,0.12587707975290455,0.13828284704472782,2017,03,16,19,,
sales,0.026738003934416308,0.12587707975290455,1.0,-0.05978091461271205,2017,03,16,19,,
returned_amount,-0.026298548740260518,0.13828284704472782,-0.05978091461271205,1.0,2017,03,16,19,,
ano,,,,,2017,03,16,19,,
mes,,,,,2017,03,16,19,,
dia,,,,,2017,03,16,19,,
hora,,,,,2017,03,16,19,,
hour,,,,,2017,03,16,19,,
duration_(secs),1.0,-0.01210636490597399,-0.0416173940232435,0.012865122484074546,2017,03,16,00,,
bytes,-0.01210636490597399,1.0,-0.0402836894485602,-0.024818439258110624,2017,03,16,00,,
sales,-0.0416173940232435,-0.0402836894485602,1.0,-0.13735062893303718,2017,03,16,00,,
returned_amount,0.012865122484074546,-0.024818439258110624,-0.13735062893303718,1.0,2017,03,16,00,,
ano,,,,,2017,03,16,00,,
mes,,,,,2017,03,16,00,,
dia,,,,,2017,03,16,00,,
hora,,,,,2017,03,16,00,,
hour,,,,,2017,03,16,00,,
duration_(secs),1.0,0.06669672845928283,-0.04086713688610952,0.04097465483737744,2017,03,16,07,,0.03289323929436959
bytes,0.06669672845928283,1.0,0.006083616372129924,-0.016298314269113462,2017,03,16,07,,0.035656316721806705
age,0.03289323929436959,0.035656316721806705,-0.04030945714243306,-0.005627179621423628,2017,03,16,07,,1.0
sales,-0.04086713688610952,0.006083616372129924,1.0,-0.15798384078624464,2017,03,16,07,,-0.04030945714243306
returned_amount,0.04097465483737744,-0.016298314269113462,-0.15798384078624464,1.0,2017,03,16,07,,-0.005627179621423628
ano,,,,,2017,03,16,07,,
mes,,,,,2017,03,16,07,,
dia,,,,,2017,03,16,07,,
hora,,,,,2017,03,16,07,,
hour,,,,,2017,03,16,07,,
duration_(secs),1.0,-0.050718187201894964,0.027226942692495298,0.0189337498755678,2017,03,16,09,,
bytes,-0.050718187201894964,1.0,0.0017207191634312476,-0.03523027010287437,2017,03,16,09,,
sales,0.027226942692495298,0.0017207191634312476,1.0,-0.1478307084016497,2017,03,16,09,,
returned_amount,0.0189337498755678,-0.03523027010287437,-0.1478307084016497,1.0,2017,03,16,09,,
ano,,,,,2017,03,16,09,,
mes,,,,,2017,03,16,09,,
dia,,,,,2017,03,16,09,,
hora,,,,,2017,03,16,09,,
hour,,,,,2017,03,16,09,,
duration_(secs),1.0,-0.009060380061341022,-0.02674306916164318,0.02333267916256172,2017,03,16,08,,
bytes,-0.009060380061341022,1.0,-0.009847397252153438,-0.02241639465820989,2017,03,16,08,,
sales,-0.02674306916164318,-0.009847397252153438,1.0,-0.15245810941838842,2017,03,16,08,,
returned_amount,0.02333267916256172,-0.02241639465820989,-0.15245810941838842,1.0,2017,03,16,08,,
ano,,,,,2017,03,16,08,,
mes,,,,,2017,03,16,08,,
dia,,,,,2017,03,16,08,,
hora,,,,,2017,03,16,08,,
hour,,,,,2017,03,16,08,,
duration_(secs),1.0,0.03269366994450253,-0.017038976250396957,-0.07380755754898013,2017,03,16,06,,
bytes,0.03269366994450253,1.0,0.0013800953890007422,-0.012256260214959581,2017,03,16,06,,
sales,-0.017038976250396957,0.0013800953890007422,1.0,-0.13079655734113052,2017,03,16,06,,
returned_amount,-0.07380755754898013,-0.012256260214959581,-0.13079655734113052,1.0,2017,03,16,06,,
ano,,,,,2017,03,16,06,,
mes,,,,,2017,03,16,06,,
dia,,,,,2017,03,16,06,,
hora,,,,,2017,03,16,06,,
hour,,,,,2017,03,16,06,,
duration_(secs),1.0,-0.014192664743563356,-0.0026033288475077595,-0.04780723366858533,2017,03,16,01,,
bytes,-0.014192664743563356,1.0,-0.015767301485984368,0.033901257673324595,2017,03,16,01,,
sales,-0.0026033288475077595,-0.015767301485984368,1.0,-0.12838707376663805,2017,03,16,01,,
returned_amount,-0.04780723366858533,0.033901257673324595,-0.12838707376663805,1.0,2017,03,16,01,,
ano,,,,,2017,03,16,01,,
mes,,,,,2017,03,16,01,,
dia,,,,,2017,03,16,01,,
hora,,,,,2017,03,16,01,,
hour,,,,,2017,03,16,01,,
duration_(secs),1.0,-0.033002968400340414,0.026720103793315977,0.06574547027225672,2017,03,16,23,,
bytes,-0.033002968400340414,1.0,-0.003590192095436099,0.003776950154394292,2017,03,16,23,,
sales,0.026720103793315977,-0.003590192095436099,1.0,-0.1453688268123416,2017,03,16,23,,
returned_amount,0.06574547027225672,0.003776950154394292,-0.1453688268123416,1.0,2017,03,16,23,,
ano,,,,,2017,03,16,23,,
mes,,,,,2017,03,16,23,,
dia,,,,,2017,03,16,23,,
hora,,,,,2017,03,16,23,,
hour,,,,,2017,03,16,23,,
duration_(secs),1.0,-0.03125423084199016,0.01398589268047754,-0.035260423908279215,2017,03,16,12,,
bytes,-0.03125423084199016,1.0,0.09429922868937664,0.025123603666048436,2017,03,16,12,,
sales,0.01398589268047754,0.09429922868937664,1.0,-0.06757369880577348,2017,03,16,12,,
returned_amount,-0.035260423908279215,0.025123603666048436,-0.06757369880577348,1.0,2017,03,16,12,,
ano,,,,,2017,03,16,12,,
mes,,,,,2017,03,16,12,,
dia,,,,,2017,03,16,12,,
hora,,,,,2017,03,16,12,,
hour,,,,,2017,03,16,12,,
duration_(secs),1.0,0.005543374158177098,0.0366794439825,0.053460272219726226,2017,03,16,15,,
bytes,0.005543374158177098,1.0,-0.03823810064317866,0.014830564258934883,2017,03,16,15,,
sales,0.0366794439825,-0.03823810064317866,1.0,-0.142317596815976,2017,03,16,15,,
returned_amount,0.053460272219726226,0.014830564258934883,-0.142317596815976,1.0,2017,03,16,15,,
ano,,,,,2017,03,16,15,,
mes,,,,,2017,03,16,15,,
dia,,,,,2017,03,16,15,,
hora,,,,,2017,03,16,15,,
hour,,,,,2017,03,16,15,,
duration_(secs),1.0,-0.022756232681682,-0.07738321508868115,-0.01223533551887514,2017,03,16,14,,
bytes,-0.022756232681682,1.0,-0.028594359313133987,-0.026785695069550593,2017,03,16,14,,
sales,-0.07738321508868115,-0.028594359313133987,1.0,-0.15546310450143885,2017,03,16,14,,
returned_amount,-0.01223533551887514,-0.026785695069550593,-0.15546310450143885,1.0,2017,03,16,14,,
ano,,,,,2017,03,16,14,,
mes,,,,,2017,03,16,14,,
dia,,,,,2017,03,16,14,,
hora,,,,,2017,03,16,14,,
hour,,,,,2017,03,16,14,,
duration_(secs),1.0,0.013200031934663292,-0.002826865333248596,0.008026456021498386,2017,03,16,13,,
bytes,0.013200031934663292,1.0,0.028139080997359484,0.12083036242470958,2017,03,16,13,,
sales,-0.002826865333248596,0.028139080997359484,1.0,-0.06431144887152936,2017,03,16,13,,
returned_amount,0.008026456021498386,0.12083036242470958,-0.06431144887152936,1.0,2017,03,16,13,,
ano,,,,,2017,03,16,13,,
mes,,,,,2017,03,16,13,,
dia,,,,,2017,03,16,13,,
hora,,,,,2017,03,16,13,,
hour,,,,,2017,03,16,13,,
duration_(secs),1.0,0.0836729341073714,0.0159760594265764,0.024766577508078515,2017,03,16,22,,0.030118267134367754
bytes,0.0836729341073714,1.0,-0.03447312766027303,0.026711084463595956,2017,03,16,22,,0.04326794462665674
age,0.030118267134367754,0.04326794462665674,0.01392863680079624,-0.026135114768725685,2017,03,16,22,,1.0
sales,0.0159760594265764,-0.03447312766027303,1.0,-0.1528750604586788,2017,03,16,22,,0.01392863680079624
returned_amount,0.024766577508078515,0.026711084463595956,-0.1528750604586788,1.0,2017,03,16,22,,-0.026135114768725685
ano,,,,,2017,03,16,22,,
mes,,,,,2017,03,16,22,,
dia,,,,,2017,03,16,22,,
hora,,,,,2017,03,16,22,,
hour,,,,,2017,03,16,22,,
duration_(secs),1.0,0.019191144112146973,-0.0362435237426091,0.0267170050238916,2017,03,17,04,,
bytes,0.019191144112146973,1.0,-0.046251794699148044,-0.04957796493172983,2017,03,17,04,,
sales,-0.0362435237426091,-0.046251794699148044,1.0,-0.11234355490963642,2017,03,17,04,,
returned_amount,0.0267170050238916,-0.04957796493172983,-0.11234355490963642,1.0,2017,03,17,04,,
ano,,,,,2017,03,17,04,,
mes,,,,,2017,03,17,04,,
dia,,,,,2017,03,17,04,,
hora,,,,,2017,03,17,04,,
hour,,,,,2017,03,17,04,,
duration_(secs),1.0,-0.04953878772104559,-0.0149817883105356,-0.03986555854645775,2017,03,17,03,,
bytes,-0.04953878772104559,1.0,0.01992125189037397,0.028966173895332747,2017,03,17,03,,
sales,-0.0149817883105356,0.01992125189037397,1.0,-0.11678535380856092,2017,03,17,03,,
returned_amount,-0.03986555854645775,0.028966173895332747,-0.11678535380856092,1.0,2017,03,17,03,,
ano,,,,,2017,03,17,03,,
mes,,,,,2017,03,17,03,,
dia,,,,,2017,03,17,03,,
hora,,,,,2017,03,17,03,,
hour,,,,,2017,03,17,03,,
duration_(secs),1.0,0.015011599592218832,-0.03746203577589257,0.004768155186572576,2017,03,17,02,,
bytes,0.015011599592218832,1.0,0.033397026385270895,-0.026913635032484184,2017,03,17,02,,
sales,-0.03746203577589257,0.033397026385270895,1.0,-0.07867679787879862,2017,03,17,02,,
returned_amount,0.004768155186572576,-0.026913635032484184,-0.07867679787879862,1.0,2017,03,17,02,,
ano,,,,,2017,03,17,02,,
mes,,,,,2017,03,17,02,,
dia,,,,,2017,03,17,02,,
hora,,,,,2017,03,17,02,,
hour,,,,,2017,03,17,02,,
duration_(secs),1.0,-0.029626835499692167,0.006956122065699873,0.02687398754495293,2017,03,17,05,,0.01855565306898402
bytes,-0.029626835499692167,1.0,0.04022527642076682,-0.040901241812994205,2017,03,17,05,,0.07104433065430314
age,0.01855565306898402,0.07104433065430314,-0.03213020878294389,-0.030239976094976535,2017,03,17,05,,1.0
sales,0.006956122065699873,0.04022527642076682,1.0,-0.12615346076251216,2017,03,17,05,,-0.03213020878294389
returned_amount,0.02687398754495293,-0.040901241812994205,-0.12615346076251216,1.0,2017,03,17,05,,-0.030239976094976535
ano,,,,,2017,03,17,05,,
mes,,,,,2017,03,17,05,,
dia,,,,,2017,03,17,05,,
hora,,,,,2017,03,17,05,,
hour,,,,,2017,03,17,05,,
duration_(secs),1.0,0.02730830026191247,-0.00669634580918138,0.05484678735270432,2017,03,17,18,,
bytes,0.02730830026191247,1.0,0.034402919752624224,-0.04542255615773951,2017,03,17,18,,
sales,-0.00669634580918138,0.034402919752624224,1.0,-0.1431220257158041,2017,03,17,18,,
returned_amount,0.05484678735270432,-0.04542255615773951,-0.1431220257158041,1.0,2017,03,17,18,,
ano,,,,,2017,03,17,18,,
mes,,,,,2017,03,17,18,,
dia,,,,,2017,03,17,18,,
hora,,,,,2017,03,17,18,,
hour,,,,,2017,03,17,18,,
duration_(secs),1.0,-0.018300037722466977,0.012255327251181036,0.03822122648989552,2017,03,17,20,,
bytes,-0.018300037722466977,1.0,0.007363718540404091,0.014098435987078212,2017,03,17,20,,
sales,0.012255327251181036,0.007363718540404091,1.0,-0.11037361585292588,2017,03,17,20,,
returned_amount,0.03822122648989552,0.014098435987078212,-0.11037361585292588,1.0,2017,03,17,20,,
ano,,,,,2017,03,17,20,,
mes,,,,,2017,03,17,20,,
dia,,,,,2017,03,17,20,,
hora,,,,,2017,03,17,20,,
hour,,,,,2017,03,17,20,,
duration_(secs),1.0,0.055338817729585515,0.04961311879854557,0.001545258196952577,2017,03,17,16,,
bytes,0.055338817729585515,1.0,-0.027434578897166547,-0.016020123217675916,2017,03,17,16,,
sales,0.04961311879854557,-0.027434578897166547,1.0,-0.16237044279685595,2017,03,17,16,,
returned_amount,0.001545258196952577,-0.016020123217675916,-0.16237044279685595,1.0,2017,03,17,16,,
ano,,,,,2017,03,17,16,,
mes,,,,,2017,03,17,16,,
dia,,,,,2017,03,17,16,,
hora,,,,,2017,03,17,16,,
hour,,,,,2017,03,17,16,,
duration_(secs),1.0,-0.006325603328863999,0.035278418004588315,0.007426031214485355,2017,03,17,11,,
bytes,-0.006325603328863999,1.0,0.0654177970155726,-0.019932005667953424,2017,03,17,11,,
sales,0.035278418004588315,0.0654177970155726,1.0,-0.14034050135045453,2017,03,17,11,,
returned_amount,0.007426031214485355,-0.019932005667953424,-0.14034050135045453,1.0,2017,03,17,11,,
ano,,,,,2017,03,17,11,,
mes,,,,,2017,03,17,11,,
dia,,,,,2017,03,17,11,,
hora,,,,,2017,03,17,11,,
hour,,,,,2017,03,17,11,,
duration_(secs),1.0,-0.035314567497665456,0.12579508842407822,-0.031420194083071715,2017,03,17,10,,-0.10312536610008577
bytes,-0.035314567497665456,1.0,0.045909743033433634,-0.061875866735992435,2017,03,17,10,,0.06921164707176018
age,-0.10312536610008577,0.06921164707176018,-0.020551844518587003,-0.014012622183634128,2017,03,17,10,,1.0
sales,0.12579508842407822,0.045909743033433634,1.0,-0.15227408815302992,2017,03,17,10,,-0.020551844518587003
returned_amount,-0.031420194083071715,-0.061875866735992435,-0.15227408815302992,1.0,2017,03,17,10,,-0.014012622183634128
ano,,,,,2017,03,17,10,,
mes,,,,,2017,03,17,10,,
dia,,,,,2017,03,17,10,,
hora,,,,,2017,03,17,10,,
hour,,,,,2017,03,17,10,,
duration_(secs),1.0,-0.017584085722660115,0.03766802092365291,-0.017274040237825274,2017,03,17,17,,
bytes,-0.017584085722660115,1.0,0.0028186436054460757,0.07268483672376129,2017,03,17,17,,
sales,0.03766802092365291,0.0028186436054460757,1.0,-0.12863613942048574,2017,03,17,17,,
returned_amount,-0.017274040237825274,0.07268483672376129,-0.12863613942048574,1.0,2017,03,17,17,,
ano,,,,,2017,03,17,17,,
mes,,,,,2017,03,17,17,,
dia,,,,,2017,03,17,17,,
hora,,,,,2017,03,17,17,,
hour,,,,,2017,03,17,17,,
duration_(secs),1.0,-0.03209850309704197,-0.003967334901809823,-0.020574816543829092,2017,03,17,21,,
bytes,-0.03209850309704197,1.0,0.13188111170744532,0.037368731267099956,2017,03,17,21,,
sales,-0.003967334901809823,0.13188111170744532,1.0,-0.04021727802773358,2017,03,17,21,,
returned_amount,-0.020574816543829092,0.037368731267099956,-0.04021727802773358,1.0,2017,03,17,21,,
ano,,,,,2017,03,17,21,,
mes,,,,,2017,03,17,21,,
dia,,,,,2017,03,17,21,,
hora,,,,,2017,03,17,21,,
hour,,,,,2017,03,17,21,,
duration_(secs),1.0,0.0016947304792032047,-0.032652299482645745,-0.010991735525666683,2017,03,17,19,,
bytes,0.0016947304792032047,1.0,-0.010851842861985936,0.02024735967973112,2017,03,17,19,,
sales,-0.032652299482645745,-0.010851842861985936,1.0,-0.1411687880020787,2017,03,17,19,,
returned_amount,-0.010991735525666683,0.02024735967973112,-0.1411687880020787,1.0,2017,03,17,19,,
ano,,,,,2017,03,17,19,,
mes,,,,,2017,03,17,19,,
dia,,,,,2017,03,17,19,,
hora,,,,,2017,03,17,19,,
hour,,,,,2017,03,17,19,,
duration_(secs),1.0,0.01897139807398106,-0.04607866699064366,0.039763474566767515,2017,03,17,00,,
bytes,0.01897139807398106,1.0,0.004261358891468887,0.056852681124927563,2017,03,17,00,,
sales,-0.04607866699064366,0.004261358891468887,1.0,-0.15741946735449452,2017,03,17,00,,
returned_amount,0.039763474566767515,0.056852681124927563,-0.15741946735449452,1.0,2017,03,17,00,,
ano,,,,,2017,03,17,00,,
mes,,,,,2017,03,17,00,,
dia,,,,,2017,03,17,00,,
hora,,,,,2017,03,17,00,,
hour,,,,,2017,03,17,00,,
duration_(secs),1.0,-0.13767883046905197,-0.05130719730973273,0.055507427699512266,2017,03,17,07,,
bytes,-0.13767883046905197,1.0,-0.004854906994124587,-0.06524888347865239,2017,03,17,07,,
sales,-0.05130719730973273,-0.004854906994124587,1.0,-0.14525992989125097,2017,03,17,07,,
returned_amount,0.055507427699512266,-0.06524888347865239,-0.14525992989125097,1.0,2017,03,17,07,,
ano,,,,,2017,03,17,07,,
mes,,,,,2017,03,17,07,,
dia,,,,,2017,03,17,07,,
hora,,,,,2017,03,17,07,,
hour,,,,,2017,03,17,07,,
duration_(secs),1.0,-0.01292317612134158,0.022397129750381193,0.03943565271191093,2017,03,17,09,,
bytes,-0.01292317612134158,1.0,-0.025872022554479766,0.12778538927586494,2017,03,17,09,,
sales,0.022397129750381193,-0.025872022554479766,1.0,-0.13174062698243913,2017,03,17,09,,
returned_amount,0.03943565271191093,0.12778538927586494,-0.13174062698243913,1.0,2017,03,17,09,,
ano,,,,,2017,03,17,09,,
mes,,,,,2017,03,17,09,,
dia,,,,,2017,03,17,09,,
hora,,,,,2017,03,17,09,,
hour,,,,,2017,03,17,09,,
duration_(secs),1.0,0.027536566334552957,-0.029498767901313023,-0.028546444068211104,2017,03,17,08,,
bytes,0.027536566334552957,1.0,-0.018570992354376117,-0.020172868893695354,2017,03,17,08,,
sales,-0.029498767901313023,-0.018570992354376117,1.0,-0.11919699443772908,2017,03,17,08,,
returned_amount,-0.028546444068211104,-0.020172868893695354,-0.11919699443772908,1.0,2017,03,17,08,,
ano,,,,,2017,03,17,08,,
mes,,,,,2017,03,17,08,,
dia,,,,,2017,03,17,08,,
hora,,,,,2017,03,17,08,,
hour,,,,,2017,03,17,08,,
duration_(secs),1.0,-0.06359010284433536,-0.04930372342277507,-0.008245608810765288,2017,03,17,06,,
bytes,-0.06359010284433536,1.0,-0.03017488193821113,0.02253543903067858,2017,03,17,06,,
sales,-0.04930372342277507,-0.03017488193821113,1.0,-0.1226693477945524,2017,03,17,06,,
returned_amount,-0.008245608810765288,0.02253543903067858,-0.1226693477945524,1.0,2017,03,17,06,,
ano,,,,,2017,03,17,06,,
mes,,,,,2017,03,17,06,,
dia,,,,,2017,03,17,06,,
hora,,,,,2017,03,17,06,,
hour,,,,,2017,03,17,06,,
duration_(secs),1.0,0.03803567781651089,0.0014500483453543012,0.01545047184542472,2017,03,17,01,,
bytes,0.03803567781651089,1.0,-0.01906035151247647,-0.013371934599639406,2017,03,17,01,,
sales,0.0014500483453543012,-0.01906035151247647,1.0,-0.13279344145731237,2017,03,17,01,,
returned_amount,0.01545047184542472,-0.013371934599639406,-0.13279344145731237,1.0,2017,03,17,01,,
ano,,,,,2017,03,17,01,,
mes,,,,,2017,03,17,01,,
dia,,,,,2017,03,17,01,,
hora,,,,,2017,03,17,01,,
hour,,,,,2017,03,17,01,,
duration_(secs),1.0,-0.010580004501557784,0.031016758567961787,0.015752518537419224,2017,03,17,23,,
bytes,-0.010580004501557784,1.0,0.043772957326900876,0.02688862467030221,2017,03,17,23,,
sales,0.031016758567961787,0.043772957326900876,1.0,-0.051701510123379965,2017,03,17,23,,
returned_amount,0.015752518537419224,0.02688862467030221,-0.051701510123379965,1.0,2017,03,17,23,,
ano,,,,,2017,03,17,23,,
mes,,,,,2017,03,17,23,,
dia,,,,,2017,03,17,23,,
hora,,,,,2017,03,17,23,,
hour,,,,,2017,03,17,23,,
duration_(secs),1.0,-0.05902457413723133,0.04083544305383071,0.06302437152864587,2017,03,17,12,,
bytes,-0.05902457413723133,1.0,-0.012174354122534151,-0.008190235732504332,2017,03,17,12,,
sales,0.04083544305383071,-0.012174354122534151,1.0,-0.14635162202990476,2017,03,17,12,,
returned_amount,0.06302437152864587,-0.008190235732504332,-0.14635162202990476,1.0,2017,03,17,12,,
ano,,,,,2017,03,17,12,,
mes,,,,,2017,03,17,12,,
dia,,,,,2017,03,17,12,,
hora,,,,,2017,03,17,12,,
hour,,,,,2017,03,17,12,,
duration_(secs),1.0,-0.0054204913253238386,-0.00659195873195436,0.011628438541753052,2017,03,17,15,,
bytes,-0.0054204913253238386,1.0,-0.021921893217939886,-0.009385049815454516,2017,03,17,15,,
sales,-0.00659195873195436,-0.021921893217939886,1.0,-0.14681964356973035,2017,03,17,15,,
returned_amount,0.011628438541753052,-0.009385049815454516,-0.14681964356973035,1.0,2017,03,17,15,,
ano,,,,,2017,03,17,15,,
mes,,,,,2017,03,17,15,,
dia,,,,,2017,03,17,15,,
hora,,,,,2017,03,17,15,,
hour,,,,,2017,03,17,15,,
duration_(secs),1.0,0.06122669700361024,-0.05598300253479128,0.03621453525335438,2017,03,17,14,,
bytes,0.06122669700361024,1.0,0.008257653093467527,-0.03989025489259705,2017,03,17,14,,
sales,-0.05598300253479128,0.008257653093467527,1.0,-0.1414483435701777,2017,03,17,14,,
returned_amount,0.03621453525335438,-0.03989025489259705,-0.1414483435701777,1.0,2017,03,17,14,,
ano,,,,,2017,03,17,14,,
mes,,,,,2017,03,17,14,,
dia,,,,,2017,03,17,14,,
hora,,,,,2017,03,17,14,,
hour,,,,,2017,03,17,14,,
duration_(secs),1.0,0.00234870743613077,0.03707721212741104,0.017191501332927694,2017,03,17,13,,
bytes,0.00234870743613077,1.0,0.013616185255048693,-0.01936626845133651,2017,03,17,13,,
sales,0.03707721212741104,0.013616185255048693,1.0,-0.13613270469656527,2017,03,17,13,,
returned_amount,0.017191501332927694,-0.01936626845133651,-0.13613270469656527,1.0,2017,03,17,13,,
ano,,,,,2017,03,17,13,,
mes,,,,,2017,03,17,13,,
dia,,,,,2017,03,17,13,,
hora,,,,,2017,03,17,13,,
hour,,,,,2017,03,17,13,,
duration_(secs),1.0,0.03827253624951287,-0.057447025324805744,-0.0016462828496169814,2017,03,17,22,,
bytes,0.03827253624951287,1.0,0.09162513936988763,-0.03852118512777144,2017,03,17,22,,
sales,-0.057447025324805744,0.09162513936988763,1.0,-0.04931578414191378,2017,03,17,22,,
returned_amount,-0.0016462828496169814,-0.03852118512777144,-0.04931578414191378,1.0,2017,03,17,22,,
ano,,,,,2017,03,17,22,,
mes,,,,,2017,03,17,22,,
dia,,,,,2017,03,17,22,,
hora,,,,,2017,03,17,22,,
hour,,,,,2017,03,17,22,,
duration_(secs),1.0,0.011997462486650961,0.03322253469231239,0.006813438550413623,2017,03,21,04,,
bytes,0.011997462486650961,1.0,-0.029315646624657448,0.0042662808122458495,2017,03,21,04,,
age,,,,,2017,03,21,04,,
sales,0.03322253469231239,-0.029315646624657448,1.0,-0.16460374381415246,2017,03,21,04,,
returned_amount,0.006813438550413623,0.0042662808122458495,-0.16460374381415246,1.0,2017,03,21,04,,
ano,,,,,2017,03,21,04,,
mes,,,,,2017,03,21,04,,
dia,,,,,2017,03,21,04,,
hora,,,,,2017,03,21,04,,
hour,,,,,2017,03,21,04,,
duration_(secs),1.0,0.035526580523140824,0.09892893685414392,-0.007255935293295015,2017,03,21,03,,
bytes,0.035526580523140824,1.0,-0.04297922535857063,-0.013722847116421112,2017,03,21,03,,
age,,,,,2017,03,21,03,,
sales,0.09892893685414392,-0.04297922535857063,1.0,-0.13275273722564807,2017,03,21,03,,
returned_amount,-0.007255935293295015,-0.013722847116421112,-0.13275273722564807,1.0,2017,03,21,03,,
ano,,,,,2017,03,21,03,,
mes,,,,,2017,03,21,03,,
dia,,,,,2017,03,21,03,,
hora,,,,,2017,03,21,03,,
hour,,,,,2017,03,21,03,,
duration_(secs),1.0,0.014652414051750525,-0.018746106242759294,0.047213229713240955,2017,03,21,02,,
bytes,0.014652414051750525,1.0,-0.05130911847219555,0.009775231761204452,2017,03,21,02,,
age,,,,,2017,03,21,02,,
sales,-0.018746106242759294,-0.05130911847219555,1.0,-0.15808196856756063,2017,03,21,02,,
returned_amount,0.047213229713240955,0.009775231761204452,-0.15808196856756063,1.0,2017,03,21,02,,
ano,,,,,2017,03,21,02,,
mes,,,,,2017,03,21,02,,
dia,,,,,2017,03,21,02,,
hora,,,,,2017,03,21,02,,
hour,,,,,2017,03,21,02,,
duration_(secs),1.0,0.016018808937315672,-0.02959667569256892,-0.007209518604116007,2017,03,21,05,,
bytes,0.016018808937315672,1.0,-0.02251614136630315,-0.00976009501492502,2017,03,21,05,,
age,,,,,2017,03,21,05,,
sales,-0.02959667569256892,-0.02251614136630315,1.0,-0.14032471804718677,2017,03,21,05,,
returned_amount,-0.007209518604116007,-0.00976009501492502,-0.14032471804718677,1.0,2017,03,21,05,,
ano,,,,,2017,03,21,05,,
mes,,,,,2017,03,21,05,,
dia,,,,,2017,03,21,05,,
hora,,,,,2017,03,21,05,,
hour,,,,,2017,03,21,05,,
duration_(secs),1.0,0.03387926165204832,-0.03896932952526658,,2017,03,21,18,,
bytes,0.03387926165204832,1.0,0.013505119151284623,,2017,03,21,18,,
age,,,,,2017,03,21,18,,
sales,-0.03896932952526658,0.013505119151284623,1.0,,2017,03,21,18,,
returned_amount,,,,,2017,03,21,18,,
ano,,,,,2017,03,21,18,,
mes,,,,,2017,03,21,18,,
dia,,,,,2017,03,21,18,,
hora,,,,,2017,03,21,18,,
hour,,,,,2017,03,21,18,,
duration_(secs),1.0,0.019739118182645274,0.014582653097911414,,2017,03,21,20,,
bytes,0.019739118182645274,1.0,-0.019692392047741463,,2017,03,21,20,,
age,,,,,2017,03,21,20,,
sales,0.014582653097911414,-0.019692392047741463,1.0,,2017,03,21,20,,
returned_amount,,,,,2017,03,21,20,,
ano,,,,,2017,03,21,20,,
mes,,,,,2017,03,21,20,,
dia,,,,,2017,03,21,20,,
hora,,,,,2017,03,21,20,,
hour,,,,,2017,03,21,20,,
duration_(secs),1.0,-0.017380959249972662,-0.007623444630335554,,2017,03,21,16,,
bytes,-0.017380959249972662,1.0,-0.018596434280077595,,2017,03,21,16,,
age,,,,,2017,03,21,16,,
sales,-0.007623444630335554,-0.018596434280077595,1.0,,2017,03,21,16,,
returned_amount,,,,,2017,03,21,16,,
ano,,,,,2017,03,21,16,,
mes,,,,,2017,03,21,16,,
dia,,,,,2017,03,21,16,,
hora,,,,,2017,03,21,16,,
hour,,,,,2017,03,21,16,,
duration_(secs),1.0,-0.013062147062125431,0.013504349290896445,0.0019893391768154257,2017,03,21,11,,
bytes,-0.013062147062125431,1.0,-0.030315788451336707,0.011605521218269734,2017,03,21,11,,
age,,,,,2017,03,21,11,,
sales,0.013504349290896445,-0.030315788451336707,1.0,-0.07987438395363555,2017,03,21,11,,
returned_amount,0.0019893391768154257,0.011605521218269734,-0.07987438395363555,1.0,2017,03,21,11,,
ano,,,,,2017,03,21,11,,
mes,,,,,2017,03,21,11,,
dia,,,,,2017,03,21,11,,
hora,,,,,2017,03,21,11,,
hour,,,,,2017,03,21,11,,
duration_(secs),1.0,0.014132282174851253,-0.028146219416098954,0.005938021936554052,2017,03,21,10,,
bytes,0.014132282174851253,1.0,0.010169774597331115,0.005140908796349794,2017,03,21,10,,
age,,,,,2017,03,21,10,,
sales,-0.028146219416098954,0.010169774597331115,1.0,-0.10230224060592868,2017,03,21,10,,
returned_amount,0.005938021936554052,0.005140908796349794,-0.10230224060592868,1.0,2017,03,21,10,,
ano,,,,,2017,03,21,10,,
mes,,,,,2017,03,21,10,,
dia,,,,,2017,03,21,10,,
hora,,,,,2017,03,21,10,,
hour,,,,,2017,03,21,10,,
duration_(secs),1.0,-0.009036104518614741,0.022481177012596894,,2017,03,21,17,,
bytes,-0.009036104518614741,1.0,-0.023877991317470607,,2017,03,21,17,,
age,,,,,2017,03,21,17,,
sales,0.022481177012596894,-0.023877991317470607,1.0,,2017,03,21,17,,
returned_amount,,,,,2017,03,21,17,,
ano,,,,,2017,03,21,17,,
mes,,,,,2017,03,21,17,,
dia,,,,,2017,03,21,17,,
hora,,,,,2017,03,21,17,,
hour,,,,,2017,03,21,17,,
duration_(secs),1.0,-0.03965002892727577,0.002978973895601869,,2017,03,21,21,,
bytes,-0.03965002892727577,1.0,-0.009397106814402804,,2017,03,21,21,,
age,,,,,2017,03,21,21,,
sales,0.002978973895601869,-0.009397106814402804,1.0,,2017,03,21,21,,
returned_amount,,,,,2017,03,21,21,,
ano,,,,,2017,03,21,21,,
mes,,,,,2017,03,21,21,,
dia,,,,,2017,03,21,21,,
hora,,,,,2017,03,21,21,,
hour,,,,,2017,03,21,21,,
duration_(secs),1.0,0.02181542068999466,0.018751198888399195,,2017,03,21,19,,
bytes,0.02181542068999466,1.0,0.04253377019393456,,2017,03,21,19,,
age,,,,,2017,03,21,19,,
sales,0.018751198888399195,0.04253377019393456,1.0,,2017,03,21,19,,
returned_amount,,,,,2017,03,21,19,,
ano,,,,,2017,03,21,19,,
mes,,,,,2017,03,21,19,,
dia,,,,,2017,03,21,19,,
hora,,,,,2017,03,21,19,,
hour,,,,,2017,03,21,19,,
duration_(secs),1.0,0.0008308456049969353,-0.0386645909334408,-0.007435401850852791,2017,03,21,00,,
bytes,0.0008308456049969353,1.0,-0.010404424279946459,-0.022918555344150687,2017,03,21,00,,
age,,,,,2017,03,21,00,,
sales,-0.0386645909334408,-0.010404424279946459,1.0,-0.13600892507646825,2017,03,21,00,,
returned_amount,-0.007435401850852791,-0.022918555344150687,-0.13600892507646825,1.0,2017,03,21,00,,
ano,,,,,2017,03,21,00,,
mes,,,,,2017,03,21,00,,
dia,,,,,2017,03,21,00,,
hora,,,,,2017,03,21,00,,
hour,,,,,2017,03,21,00,,
duration_(secs),1.0,-0.01489302791583175,-0.012293633756460726,-0.05236990636783518,2017,03,21,07,,
bytes,-0.01489302791583175,1.0,-0.008488120967975472,0.03910086177187271,2017,03,21,07,,
age,,,,,2017,03,21,07,,
sales,-0.012293633756460726,-0.008488120967975472,1.0,-0.10940975330374836,2017,03,21,07,,
returned_amount,-0.05236990636783518,0.03910086177187271,-0.10940975330374836,1.0,2017,03,21,07,,
ano,,,,,2017,03,21,07,,
mes,,,,,2017,03,21,07,,
dia,,,,,2017,03,21,07,,
hora,,,,,2017,03,21,07,,
hour,,,,,2017,03,21,07,,
duration_(secs),1.0,0.04382635684367435,0.02536865474635738,-0.014844834056863153,2017,03,21,09,,
bytes,0.04382635684367435,1.0,-0.039199249108190226,0.046836611316611154,2017,03,21,09,,
age,,,,,2017,03,21,09,,
sales,0.02536865474635738,-0.039199249108190226,1.0,-0.11506500308374044,2017,03,21,09,,
returned_amount,-0.014844834056863153,0.046836611316611154,-0.11506500308374044,1.0,2017,03,21,09,,
ano,,,,,2017,03,21,09,,
mes,,,,,2017,03,21,09,,
dia,,,,,2017,03,21,09,,
hora,,,,,2017,03,21,09,,
hour,,,,,2017,03,21,09,,
duration_(secs),1.0,0.044744041249611934,-0.029381906783029377,-0.02465326018054956,2017,03,21,08,,
bytes,0.044744041249611934,1.0,0.014155182198886989,-0.01740358346630281,2017,03,21,08,,
age,,,,,2017,03,21,08,,
sales,-0.029381906783029377,0.014155182198886989,1.0,-0.04639966541824194,2017,03,21,08,,
returned_amount,-0.02465326018054956,-0.01740358346630281,-0.04639966541824194,1.0,2017,03,21,08,,
ano,,,,,2017,03,21,08,,
mes,,,,,2017,03,21,08,,
dia,,,,,2017,03,21,08,,
hora,,,,,2017,03,21,08,,
hour,,,,,2017,03,21,08,,
duration_(secs),1.0,0.0017092276805750475,0.025228125325676008,-0.027094131574738486,2017,03,21,06,,
bytes,0.0017092276805750475,1.0,0.026864518407211303,0.02103089113817281,2017,03,21,06,,
age,,,,,2017,03,21,06,,
sales,0.025228125325676008,0.026864518407211303,1.0,-0.10927916734109826,2017,03,21,06,,
returned_amount,-0.027094131574738486,0.02103089113817281,-0.10927916734109826,1.0,2017,03,21,06,,
ano,,,,,2017,03,21,06,,
mes,,,,,2017,03,21,06,,
dia,,,,,2017,03,21,06,,
hora,,,,,2017,03,21,06,,
hour,,,,,2017,03,21,06,,
duration_(secs),1.0,-0.0018205549193741485,0.075968967610727,-0.00500638099209037,2017,03,21,01,,
bytes,-0.0018205549193741485,1.0,-0.014743688129081209,-0.032833342384732095,2017,03,21,01,,
age,,,,,2017,03,21,01,,
sales,0.075968967610727,-0.014743688129081209,1.0,-0.14821712999724224,2017,03,21,01,,
returned_amount,-0.00500638099209037,-0.032833342384732095,-0.14821712999724224,1.0,2017,03,21,01,,
ano,,,,,2017,03,21,01,,
mes,,,,,2017,03,21,01,,
dia,,,,,2017,03,21,01,,
hora,,,,,2017,03,21,01,,
hour,,,,,2017,03,21,01,,
duration_(secs),1.0,0.04885762057347698,0.02104171816801335,0.020870461135093377,2017,03,21,23,,
bytes,0.04885762057347698,1.0,-0.009832506050547701,0.05844612891122921,2017,03,21,23,,
age,,,,,2017,03,21,23,,
sales,0.02104171816801335,-0.009832506050547701,1.0,-0.1053884926933513,2017,03,21,23,,
returned_amount,0.020870461135093377,0.05844612891122921,-0.1053884926933513,1.0,2017,03,21,23,,
ano,,,,,2017,03,21,23,,
mes,,,,,2017,03,21,23,,
dia,,,,,2017,03,21,23,,
hora,,,,,2017,03,21,23,,
hour,,,,,2017,03,21,23,,
duration_(secs),1.0,0.022502812564346303,-0.03528475801948782,-0.025358807463663875,2017,03,21,12,,
bytes,0.022502812564346303,1.0,-0.0009456676530223148,-0.0033993811030413536,2017,03,21,12,,
age,,,,,2017,03,21,12,,
sales,-0.03528475801948782,-0.0009456676530223148,1.0,-0.0906022678270802,2017,03,21,12,,
returned_amount,-0.025358807463663875,-0.0033993811030413536,-0.0906022678270802,1.0,2017,03,21,12,,
ano,,,,,2017,03,21,12,,
mes,,,,,2017,03,21,12,,
dia,,,,,2017,03,21,12,,
hora,,,,,2017,03,21,12,,
hour,,,,,2017,03,21,12,,
duration_(secs),1.0,0.030888325163785254,-0.0012352765990700676,,2017,03,21,15,,
bytes,0.030888325163785254,1.0,0.05264928205140875,,2017,03,21,15,,
age,,,,,2017,03,21,15,,
sales,-0.0012352765990700676,0.05264928205140875,1.0,,2017,03,21,15,,
returned_amount,,,,,2017,03,21,15,,
ano,,,,,2017,03,21,15,,
mes,,,,,2017,03,21,15,,
dia,,,,,2017,03,21,15,,
hora,,,,,2017,03,21,15,,
hour,,,,,2017,03,21,15,,
duration_(secs),1.0,0.002225324798548488,-0.02064986918005744,,2017,03,21,14,,
bytes,0.002225324798548488,1.0,0.020584539143707913,,2017,03,21,14,,
age,,,,,2017,03,21,14,,
sales,-0.02064986918005744,0.020584539143707913,1.0,,2017,03,21,14,,
returned_amount,,,,,2017,03,21,14,,
ano,,,,,2017,03,21,14,,
mes,,,,,2017,03,21,14,,
dia,,,,,2017,03,21,14,,
hora,,,,,2017,03,21,14,,
hour,,,,,2017,03,21,14,,
duration_(secs),1.0,-0.0028833205915819705,0.02987225910352625,,2017,03,21,13,,
bytes,-0.0028833205915819705,1.0,-0.045208043811988424,,2017,03,21,13,,
age,,,,,2017,03,21,13,,
sales,0.02987225910352625,-0.045208043811988424,1.0,,2017,03,21,13,,
returned_amount,,,,,2017,03,21,13,,
ano,,,,,2017,03,21,13,,
mes,,,,,2017,03,21,13,,
dia,,,,,2017,03,21,13,,
hora,,,,,2017,03,21,13,,
hour,,,,,2017,03,21,13,,
duration_(secs),1.0,-0.04231841271784266,0.015631853423716945,,2017,03,21,22,,
bytes,-0.04231841271784266,1.0,-0.022870003163571077,,2017,03,21,22,,
age,,,,,2017,03,21,22,,
sales,0.015631853423716945,-0.022870003163571077,1.0,,2017,03,21,22,,
returned_amount,,,,,2017,03,21,22,,
ano,,,,,2017,03,21,22,,
mes,,,,,2017,03,21,22,,
dia,,,,,2017,03,21,22,,
hora,,,,,2017,03,21,22,,
hour,,,,,2017,03,21,22,,
duration_(secs),1.0,-0.022380041989911476,0.017888107272003857,0.037812141278258264,2017,03,19,04,,
bytes,-0.022380041989911476,1.0,0.0010369670770232504,0.023163503321071175,2017,03,19,04,,
age,,,,,2017,03,19,04,,
sales,0.017888107272003857,0.0010369670770232504,1.0,-0.15266874677060263,2017,03,19,04,,
returned_amount,0.037812141278258264,0.023163503321071175,-0.15266874677060263,1.0,2017,03,19,04,,
ano,,,,,2017,03,19,04,,
mes,,,,,2017,03,19,04,,
dia,,,,,2017,03,19,04,,
hora,,,,,2017,03,19,04,,
hour,,,,,2017,03,19,04,,
duration_(secs),1.0,-0.011594010617189688,-0.031112617061320947,-0.02955004985082214,2017,03,19,03,,
bytes,-0.011594010617189688,1.0,-0.020332550413844103,0.04894647178980747,2017,03,19,03,,
age,,,,,2017,03,19,03,,
sales,-0.031112617061320947,-0.020332550413844103,1.0,-0.13490012764008852,2017,03,19,03,,
returned_amount,-0.02955004985082214,0.04894647178980747,-0.13490012764008852,1.0,2017,03,19,03,,
ano,,,,,2017,03,19,03,,
mes,,,,,2017,03,19,03,,
dia,,,,,2017,03,19,03,,
hora,,,,,2017,03,19,03,,
hour,,,,,2017,03,19,03,,
duration_(secs),1.0,-0.027361762639030018,-0.004523488335107511,0.03606395848783211,2017,03,19,02,,
bytes,-0.027361762639030018,1.0,-0.00453032622766297,-0.014895273176393583,2017,03,19,02,,
sales,-0.004523488335107511,-0.00453032622766297,1.0,-0.1399161841870995,2017,03,19,02,,
returned_amount,0.03606395848783211,-0.014895273176393583,-0.1399161841870995,1.0,2017,03,19,02,,
ano,,,,,2017,03,19,02,,
mes,,,,,2017,03,19,02,,
dia,,,,,2017,03,19,02,,
hora,,,,,2017,03,19,02,,
hour,,,,,2017,03,19,02,,
duration_(secs),1.0,-0.06753298669911906,-0.06795630903662396,-0.02851580426375155,2017,03,19,05,,
bytes,-0.06753298669911906,1.0,0.08610152669312979,-0.012364124631404867,2017,03,19,05,,
age,,,,,2017,03,19,05,,
sales,-0.06795630903662396,0.08610152669312979,1.0,-0.1572156441528712,2017,03,19,05,,
returned_amount,-0.02851580426375155,-0.012364124631404867,-0.1572156441528712,1.0,2017,03,19,05,,
ano,,,,,2017,03,19,05,,
mes,,,,,2017,03,19,05,,
dia,,,,,2017,03,19,05,,
hora,,,,,2017,03,19,05,,
hour,,,,,2017,03,19,05,,
duration_(secs),1.0,0.011695163634052352,0.11316701142402123,0.0032409938380820002,2017,03,19,18,,
bytes,0.011695163634052352,1.0,-0.04473956637596956,0.006171021544429207,2017,03,19,18,,
age,,,,,2017,03,19,18,,
sales,0.11316701142402123,-0.04473956637596956,1.0,-0.15507540341702541,2017,03,19,18,,
returned_amount,0.0032409938380820002,0.006171021544429207,-0.15507540341702541,1.0,2017,03,19,18,,
ano,,,,,2017,03,19,18,,
mes,,,,,2017,03,19,18,,
dia,,,,,2017,03,19,18,,
hora,,,,,2017,03,19,18,,
hour,,,,,2017,03,19,18,,
duration_(secs),1.0,-0.0134663870218593,-0.004229043636053962,0.026928497492181378,2017,03,19,20,,
bytes,-0.0134663870218593,1.0,-0.004458522972746666,0.026623640512755568,2017,03,19,20,,
age,,,,,2017,03,19,20,,
sales,-0.004229043636053962,-0.004458522972746666,1.0,-0.12512383680435454,2017,03,19,20,,
returned_amount,0.026928497492181378,0.026623640512755568,-0.12512383680435454,1.0,2017,03,19,20,,
ano,,,,,2017,03,19,20,,
mes,,,,,2017,03,19,20,,
dia,,,,,2017,03,19,20,,
hora,,,,,2017,03,19,20,,
hour,,,,,2017,03,19,20,,
duration_(secs),1.0,-0.045157413493014734,-0.04138900362892388,-0.05544965676955126,2017,03,19,16,,
bytes,-0.045157413493014734,1.0,0.017742721611252624,-0.00860157151997101,2017,03,19,16,,
age,,,,,2017,03,19,16,,
sales,-0.04138900362892388,0.017742721611252624,1.0,-0.15575452506559018,2017,03,19,16,,
returned_amount,-0.05544965676955126,-0.00860157151997101,-0.15575452506559018,1.0,2017,03,19,16,,
ano,,,,,2017,03,19,16,,
mes,,,,,2017,03,19,16,,
dia,,,,,2017,03,19,16,,
hora,,,,,2017,03,19,16,,
hour,,,,,2017,03,19,16,,
duration_(secs),1.0,-0.019251496926930414,0.034909359818658475,0.0076819070997759505,2017,03,19,11,,
bytes,-0.019251496926930414,1.0,0.012720617447171574,0.013628262596212842,2017,03,19,11,,
age,,,,,2017,03,19,11,,
sales,0.034909359818658475,0.012720617447171574,1.0,-0.16694590241241106,2017,03,19,11,,
returned_amount,0.0076819070997759505,0.013628262596212842,-0.16694590241241106,1.0,2017,03,19,11,,
ano,,,,,2017,03,19,11,,
mes,,,,,2017,03,19,11,,
dia,,,,,2017,03,19,11,,
hora,,,,,2017,03,19,11,,
hour,,,,,2017,03,19,11,,
duration_(secs),1.0,-0.031092283484118518,0.042029736161494906,0.04997904766274016,2017,03,19,10,,
bytes,-0.031092283484118518,1.0,-0.004566959504674178,0.00037352340112444703,2017,03,19,10,,
age,,,,,2017,03,19,10,,
sales,0.042029736161494906,-0.004566959504674178,1.0,-0.14651840788323137,2017,03,19,10,,
returned_amount,0.04997904766274016,0.00037352340112444703,-0.14651840788323137,1.0,2017,03,19,10,,
ano,,,,,2017,03,19,10,,
mes,,,,,2017,03,19,10,,
dia,,,,,2017,03,19,10,,
hora,,,,,2017,03,19,10,,
hour,,,,,2017,03,19,10,,
duration_(secs),1.0,0.05289470026402184,0.03437821517071816,0.019869096920163882,2017,03,19,17,,
bytes,0.05289470026402184,1.0,0.06216025446496526,0.03291038656941045,2017,03,19,17,,
age,,,,,2017,03,19,17,,
sales,0.03437821517071816,0.06216025446496526,1.0,-0.14772606761500692,2017,03,19,17,,
returned_amount,0.019869096920163882,0.03291038656941045,-0.14772606761500692,1.0,2017,03,19,17,,
ano,,,,,2017,03,19,17,,
mes,,,,,2017,03,19,17,,
dia,,,,,2017,03,19,17,,
hora,,,,,2017,03,19,17,,
hour,,,,,2017,03,19,17,,
duration_(secs),1.0,-0.017047570199385194,-0.0323344603805375,0.02725906780184087,2017,03,19,21,,
bytes,-0.017047570199385194,1.0,-0.009166340991093288,-0.03148106284709555,2017,03,19,21,,
age,,,,,2017,03,19,21,,
sales,-0.0323344603805375,-0.009166340991093288,1.0,-0.14905059919496322,2017,03,19,21,,
returned_amount,0.02725906780184087,-0.03148106284709555,-0.14905059919496322,1.0,2017,03,19,21,,
ano,,,,,2017,03,19,21,,
mes,,,,,2017,03,19,21,,
dia,,,,,2017,03,19,21,,
hora,,,,,2017,03,19,21,,
hour,,,,,2017,03,19,21,,
duration_(secs),1.0,0.018402212798345457,0.04982319852394044,-0.007874711155201379,2017,03,19,19,,
bytes,0.018402212798345457,1.0,-0.015734224200795847,0.07464880803044954,2017,03,19,19,,
age,,,,,2017,03,19,19,,
sales,0.04982319852394044,-0.015734224200795847,1.0,-0.15288867149650437,2017,03,19,19,,
returned_amount,-0.007874711155201379,0.07464880803044954,-0.15288867149650437,1.0,2017,03,19,19,,
ano,,,,,2017,03,19,19,,
mes,,,,,2017,03,19,19,,
dia,,,,,2017,03,19,19,,
hora,,,,,2017,03,19,19,,
hour,,,,,2017,03,19,19,,
duration_(secs),1.0,0.04832972387825618,-0.019002337542752466,0.04040084482219517,2017,03,19,00,,
bytes,0.04832972387825618,1.0,-0.0035255896877370713,-0.030185266943456,2017,03,19,00,,
sales,-0.019002337542752466,-0.0035255896877370713,1.0,-0.14260003405884938,2017,03,19,00,,
returned_amount,0.04040084482219517,-0.030185266943456,-0.14260003405884938,1.0,2017,03,19,00,,
ano,,,,,2017,03,19,00,,
mes,,,,,2017,03,19,00,,
dia,,,,,2017,03,19,00,,
hora,,,,,2017,03,19,00,,
hour,,,,,2017,03,19,00,,
duration_(secs),1.0,0.06135454776852659,-0.01421266750027928,-0.012103805189265472,2017,03,19,07,,
bytes,0.06135454776852659,1.0,-0.021684510983146364,0.03883027480835467,2017,03,19,07,,
age,,,,,2017,03,19,07,,
sales,-0.01421266750027928,-0.021684510983146364,1.0,-0.15882925135774242,2017,03,19,07,,
returned_amount,-0.012103805189265472,0.03883027480835467,-0.15882925135774242,1.0,2017,03,19,07,,
ano,,,,,2017,03,19,07,,
mes,,,,,2017,03,19,07,,
dia,,,,,2017,03,19,07,,
hora,,,,,2017,03,19,07,,
hour,,,,,2017,03,19,07,,
duration_(secs),1.0,0.03614654573150636,-0.02375656356917497,0.008151519142590293,2017,03,19,09,,
bytes,0.03614654573150636,1.0,0.014684343721328852,-0.004322789942064069,2017,03,19,09,,
age,,,,,2017,03,19,09,,
sales,-0.02375656356917497,0.014684343721328852,1.0,-0.14098334777897967,2017,03,19,09,,
returned_amount,0.008151519142590293,-0.004322789942064069,-0.14098334777897967,1.0,2017,03,19,09,,
ano,,,,,2017,03,19,09,,
mes,,,,,2017,03,19,09,,
dia,,,,,2017,03,19,09,,
hora,,,,,2017,03,19,09,,
hour,,,,,2017,03,19,09,,
duration_(secs),1.0,0.006867640359910517,-0.00874393143355659,-0.022052443700133092,2017,03,19,08,,
bytes,0.006867640359910517,1.0,-0.008830655432272329,-0.004420117183378888,2017,03,19,08,,
age,,,,,2017,03,19,08,,
sales,-0.00874393143355659,-0.008830655432272329,1.0,-0.15567470011403045,2017,03,19,08,,
returned_amount,-0.022052443700133092,-0.004420117183378888,-0.15567470011403045,1.0,2017,03,19,08,,
ano,,,,,2017,03,19,08,,
mes,,,,,2017,03,19,08,,
dia,,,,,2017,03,19,08,,
hora,,,,,2017,03,19,08,,
hour,,,,,2017,03,19,08,,
duration_(secs),1.0,-0.030772372928510938,-0.01096959641351794,0.007212627209527771,2017,03,19,06,,
bytes,-0.030772372928510938,1.0,0.10836248082297528,0.07487014781434533,2017,03,19,06,,
age,,,,,2017,03,19,06,,
sales,-0.01096959641351794,0.10836248082297528,1.0,-0.1504116451312603,2017,03,19,06,,
returned_amount,0.007212627209527771,0.07487014781434533,-0.1504116451312603,1.0,2017,03,19,06,,
ano,,,,,2017,03,19,06,,
mes,,,,,2017,03,19,06,,
dia,,,,,2017,03,19,06,,
hora,,,,,2017,03,19,06,,
hour,,,,,2017,03,19,06,,
duration_(secs),1.0,0.037255343101310366,0.037375932737194535,-0.0015150953116587953,2017,03,19,01,,
bytes,0.037255343101310366,1.0,0.032096467524571265,0.024499855439246272,2017,03,19,01,,
sales,0.037375932737194535,0.032096467524571265,1.0,-0.12810798595062386,2017,03,19,01,,
returned_amount,-0.0015150953116587953,0.024499855439246272,-0.12810798595062386,1.0,2017,03,19,01,,
ano,,,,,2017,03,19,01,,
mes,,,,,2017,03,19,01,,
dia,,,,,2017,03,19,01,,
hora,,,,,2017,03,19,01,,
hour,,,,,2017,03,19,01,,
duration_(secs),1.0,-0.007215237762772346,-0.024295386645438385,0.008305100681055156,2017,03,19,23,,
bytes,-0.007215237762772346,1.0,0.10504906329450478,-0.021927539410538592,2017,03,19,23,,
age,,,,,2017,03,19,23,,
sales,-0.024295386645438385,0.10504906329450478,1.0,-0.14008047282036964,2017,03,19,23,,
returned_amount,0.008305100681055156,-0.021927539410538592,-0.14008047282036964,1.0,2017,03,19,23,,
ano,,,,,2017,03,19,23,,
mes,,,,,2017,03,19,23,,
dia,,,,,2017,03,19,23,,
hora,,,,,2017,03,19,23,,
hour,,,,,2017,03,19,23,,
duration_(secs),1.0,-0.03160162597876948,-0.05682009482439923,0.02399293306323217,2017,03,19,12,,
bytes,-0.03160162597876948,1.0,-0.085462501616476,0.02373682790514574,2017,03,19,12,,
age,,,,,2017,03,19,12,,
sales,-0.05682009482439923,-0.085462501616476,1.0,-0.1379741128258779,2017,03,19,12,,
returned_amount,0.02399293306323217,0.02373682790514574,-0.1379741128258779,1.0,2017,03,19,12,,
ano,,,,,2017,03,19,12,,
mes,,,,,2017,03,19,12,,
dia,,,,,2017,03,19,12,,
hora,,,,,2017,03,19,12,,
hour,,,,,2017,03,19,12,,
duration_(secs),1.0,0.0041728797360206715,0.01701909143505629,0.06393068054530504,2017,03,19,15,,
bytes,0.0041728797360206715,1.0,0.0428919947382884,-0.030127274126772897,2017,03,19,15,,
age,,,,,2017,03,19,15,,
sales,0.01701909143505629,0.0428919947382884,1.0,-0.12601262817829492,2017,03,19,15,,
returned_amount,0.06393068054530504,-0.030127274126772897,-0.12601262817829492,1.0,2017,03,19,15,,
ano,,,,,2017,03,19,15,,
mes,,,,,2017,03,19,15,,
dia,,,,,2017,03,19,15,,
hora,,,,,2017,03,19,15,,
hour,,,,,2017,03,19,15,,
duration_(secs),1.0,0.04768085195916142,0.030263595504496425,-0.027562489842837157,2017,03,19,14,,
bytes,0.04768085195916142,1.0,-0.03797502607415239,0.04408799700842697,2017,03,19,14,,
age,,,,,2017,03,19,14,,
sales,0.030263595504496425,-0.03797502607415239,1.0,-0.13403155352007534,2017,03,19,14,,
returned_amount,-0.027562489842837157,0.04408799700842697,-0.13403155352007534,1.0,2017,03,19,14,,
ano,,,,,2017,03,19,14,,
mes,,,,,2017,03,19,14,,
dia,,,,,2017,03,19,14,,
hora,,,,,2017,03,19,14,,
hour,,,,,2017,03,19,14,,
duration_(secs),1.0,-0.024911788372798737,0.011982650576696629,-0.014525812395735629,2017,03,19,13,,
bytes,-0.024911788372798737,1.0,-0.013760047475191956,0.004221679875337465,2017,03,19,13,,
age,,,,,2017,03,19,13,,
sales,0.011982650576696629,-0.013760047475191956,1.0,-0.15807337763836754,2017,03,19,13,,
returned_amount,-0.014525812395735629,0.004221679875337465,-0.15807337763836754,1.0,2017,03,19,13,,
ano,,,,,2017,03,19,13,,
mes,,,,,2017,03,19,13,,
dia,,,,,2017,03,19,13,,
hora,,,,,2017,03,19,13,,
hour,,,,,2017,03,19,13,,
duration_(secs),1.0,0.002626447820052019,0.051197673831991995,-0.00851642891958966,2017,03,19,22,,
bytes,0.002626447820052019,1.0,0.018158941411033996,0.023765998179416128,2017,03,19,22,,
age,,,,,2017,03,19,22,,
sales,0.051197673831991995,0.018158941411033996,1.0,-0.1467342400150026,2017,03,19,22,,
returned_amount,-0.00851642891958966,0.023765998179416128,-0.1467342400150026,1.0,2017,03,19,22,,
ano,,,,,2017,03,19,22,,
mes,,,,,2017,03,19,22,,
dia,,,,,2017,03,19,22,,
hora,,,,,2017,03,19,22,,
hour,,,,,2017,03,19,22,,
