age_group,membership,total_vendas,contagem,ano,mes,dia,hora
0-18,Normal,85.34400000000001,2,2017,03,15,04
0-18,Premium,464.268,5,2017,03,15,04
18-25,Normal,5613.4800000000005,35,2017,03,15,04
18-25,Premium,8933.972,41,2017,03,15,04
25-35,Normal,9782.4308,46,2017,03,15,04
25-35,Premium,6368.434,54,2017,03,15,04
35-45,Normal,10639.3395,55,2017,03,15,04
35-45,Premium,12866.833,68,2017,03,15,04
45-55,Normal,12900.24,56,2017,03,15,04
45-55,Premium,13284.054,74,2017,03,15,04
55-65,Normal,9006.164,50,2017,03,15,04
55-65,Premium,8749.0968,64,2017,03,15,04
65+,Normal,3395.659,28,2017,03,15,04
65+,Premium,7179.7448,26,2017,03,15,04
0-18,Normal,143.096,5,2017,03,15,03
0-18,Premium,52.096,1,2017,03,15,03
18-25,Normal,6545.698,44,2017,03,15,03
18-25,Premium,18720.48,45,2017,03,15,03
25-35,Normal,7976.8108,45,2017,03,15,03
25-35,Premium,10114.731,59,2017,03,15,03
35-45,Normal,11166.684000000001,57,2017,03,15,03
35-45,Premium,10962.892,55,2017,03,15,03
45-55,Normal,13586.502999999999,54,2017,03,15,03
45-55,Premium,11386.178,60,2017,03,15,03
55-65,Normal,14256.53,57,2017,03,15,03
55-65,Premium,12891.895,61,2017,03,15,03
65+,Normal,6484.042,22,2017,03,15,03
65+,Premium,2913.11,29,2017,03,15,03
0-18,Normal,670.22,3,2017,03,15,02
0-18,Premium,3096.262,22,2017,03,15,02
18-25,Normal,8462.8816,39,2017,03,15,02
18-25,Premium,20348.899,107,2017,03,15,02
25-35,Normal,12228.11,51,2017,03,15,02
25-35,Premium,24490.6013,147,2017,03,15,02
35-45,Normal,11552.787,69,2017,03,15,02
35-45,Premium,31885.72,149,2017,03,15,02
45-55,Normal,10214.933,65,2017,03,15,02
45-55,Premium,33822.8586,128,2017,03,15,02
55-65,Normal,7180.313,55,2017,03,15,02
55-65,Premium,32494.386,132,2017,03,15,02
65+,Normal,1957.3600000000001,18,2017,03,15,02
65+,Premium,15374.562,63,2017,03,15,02
0-18,Normal,375.34,1,2017,03,15,05
0-18,Premium,2785.969,12,2017,03,15,05
18-25,Normal,7138.899,33,2017,03,15,05
18-25,Premium,9382.142,56,2017,03,15,05
25-35,Normal,16633.194,64,2017,03,15,05
25-35,Premium,15751.1466,80,2017,03,15,05
35-45,Normal,10720.988,50,2017,03,15,05
35-45,Premium,15673.694,83,2017,03,15,05
45-55,Normal,17786.722999999998,73,2017,03,15,05
45-55,Premium,15564.043000000001,82,2017,03,15,05
55-65,Normal,13688.9052,57,2017,03,15,05
55-65,Premium,15708.665,93,2017,03,15,05
65+,Normal,3359.5699999999997,20,2017,03,15,05
65+,Premium,4740.3822,42,2017,03,15,05
0-18,Normal,2501.59,7,2017,03,15,18
0-18,Premium,1783.5,10,2017,03,15,18
18-25,Normal,33484.07,49,2017,03,15,18
18-25,Premium,39677.19,57,2017,03,15,18
25-35,Normal,37994.27,60,2017,03,15,18
25-35,Premium,33907.71,71,2017,03,15,18
35-45,Normal,22882.13,53,2017,03,15,18
35-45,Premium,28564.54,86,2017,03,15,18
45-55,Normal,36249.1,69,2017,03,15,18
45-55,Premium,49762.13,83,2017,03,15,18
55-65,Normal,23189.96,53,2017,03,15,18
55-65,Premium,35288.47,84,2017,03,15,18
65+,Normal,9752.91,21,2017,03,15,18
65+,Premium,14653.97,30,2017,03,15,18
0-18,Normal,2670.8,7,2017,03,15,20
0-18,Premium,1749.15,8,2017,03,15,20
18-25,Normal,20930.19,38,2017,03,15,20
18-25,Premium,25694.57,60,2017,03,15,20
25-35,Normal,26889.38,64,2017,03,15,20
25-35,Premium,48000.57,91,2017,03,15,20
35-45,Normal,35027.81,56,2017,03,15,20
35-45,Premium,42398.81,76,2017,03,15,20
45-55,Normal,22141.670000000002,55,2017,03,15,20
45-55,Premium,38481.11,76,2017,03,15,20
55-65,Normal,34746.79,62,2017,03,15,20
55-65,Premium,46940.23,80,2017,03,15,20
65+,Normal,21628.04,24,2017,03,15,20
65+,Premium,28106.53,38,2017,03,15,20
0-18,Normal,1887.06,5,2017,03,15,16
0-18,Premium,2488.04,6,2017,03,15,16
18-25,Normal,22649.81,41,2017,03,15,16
18-25,Premium,37553.61,63,2017,03,15,16
25-35,Normal,34285.74,58,2017,03,15,16
25-35,Premium,58736.54,96,2017,03,15,16
35-45,Normal,27870.13,51,2017,03,15,16
35-45,Premium,40109.4,93,2017,03,15,16
45-55,Normal,25311.14,60,2017,03,15,16
45-55,Premium,41680.88,78,2017,03,15,16
55-65,Normal,24999.670000000002,68,2017,03,15,16
55-65,Premium,65620.63,103,2017,03,15,16
65+,Normal,10248.32,21,2017,03,15,16
65+,Premium,19677.44,30,2017,03,15,16
0-18,Normal,396.72,5,2017,03,15,11
0-18,Premium,1130.452,8,2017,03,15,11
18-25,Normal,6533.855,44,2017,03,15,11
18-25,Premium,8418.452,39,2017,03,15,11
25-35,Normal,11788.686,56,2017,03,15,11
25-35,Premium,8597.37,51,2017,03,15,11
35-45,Normal,11455.779,57,2017,03,15,11
35-45,Premium,8961.37,62,2017,03,15,11
45-55,Normal,17486.221,60,2017,03,15,11
45-55,Premium,6784.213,63,2017,03,15,11
55-65,Normal,8371.5,62,2017,03,15,11
55-65,Premium,24518.6159,72,2017,03,15,11
65+,Normal,7209.908,23,2017,03,15,11
65+,Premium,4837.5740000000005,19,2017,03,15,11
0-18,Normal,262.86400000000003,5,2017,03,15,10
0-18,Premium,352.244,2,2017,03,15,10
18-25,Normal,4153.087,32,2017,03,15,10
18-25,Premium,4501.8150000000005,31,2017,03,15,10
25-35,Normal,15792.921,67,2017,03,15,10
25-35,Premium,4560.714,36,2017,03,15,10
35-45,Normal,10449.912,61,2017,03,15,10
35-45,Premium,7371.901,40,2017,03,15,10
45-55,Normal,19282.696,61,2017,03,15,10
45-55,Premium,6054.6413999999995,36,2017,03,15,10
55-65,Normal,8854.146,46,2017,03,15,10
55-65,Premium,13740.734,36,2017,03,15,10
65+,Normal,4703.342,26,2017,03,15,10
65+,Premium,1172.501,11,2017,03,15,10
0-18,Normal,1062.88,2,2017,03,15,17
0-18,Premium,5571.8099999999995,11,2017,03,15,17
18-25,Normal,23000.84,46,2017,03,15,17
18-25,Premium,25229.84,55,2017,03,15,17
25-35,Normal,14885.11,40,2017,03,15,17
25-35,Premium,42882.14,78,2017,03,15,17
35-45,Normal,23537.51,63,2017,03,15,17
35-45,Premium,39104.64,85,2017,03,15,17
45-55,Normal,28140.56,54,2017,03,15,17
45-55,Premium,56501.37,92,2017,03,15,17
55-65,Normal,24806.73,73,2017,03,15,17
55-65,Premium,44219.54,85,2017,03,15,17
65+,Normal,9661.73,22,2017,03,15,17
65+,Premium,12698.279999999999,32,2017,03,15,17
0-18,Normal,8163.889999999999,12,2017,03,15,21
0-18,Premium,9961.43,7,2017,03,15,21
18-25,Normal,28120.05,33,2017,03,15,21
18-25,Premium,29286.84,73,2017,03,15,21
25-35,Normal,28511.09,59,2017,03,15,21
25-35,Premium,31725.510000000002,82,2017,03,15,21
35-45,Normal,34040.51,51,2017,03,15,21
35-45,Premium,41340.71,76,2017,03,15,21
45-55,Normal,28764.260000000002,55,2017,03,15,21
45-55,Premium,62454.43,86,2017,03,15,21
55-65,Normal,36407.61,72,2017,03,15,21
55-65,Premium,51235.88,84,2017,03,15,21
65+,Normal,19914.22,30,2017,03,15,21
65+,Premium,23343.72,40,2017,03,15,21
0-18,Normal,2902.81,5,2017,03,15,19
0-18,Premium,2339.31,9,2017,03,15,19
18-25,Normal,37682.54,53,2017,03,15,19
18-25,Premium,24884.3,49,2017,03,15,19
25-35,Normal,18944.57,52,2017,03,15,19
25-35,Premium,26595.79,67,2017,03,15,19
35-45,Normal,17924.18,59,2017,03,15,19
35-45,Premium,26855.68,82,2017,03,15,19
45-55,Normal,24659.61,49,2017,03,15,19
45-55,Premium,40490.99,83,2017,03,15,19
55-65,Normal,31588.02,76,2017,03,15,19
55-65,Premium,24623.52,65,2017,03,15,19
65+,Normal,9567.28,24,2017,03,15,19
65+,Premium,11262.26,27,2017,03,15,19
0-18,Normal,854.8399999999999,5,2017,03,15,00
0-18,Premium,2348.589,13,2017,03,15,00
18-25,Normal,9196.53,29,2017,03,15,00
18-25,Premium,35624.051999999996,161,2017,03,15,00
25-35,Normal,14287.7058,58,2017,03,15,00
25-35,Premium,28764.931,205,2017,03,15,00
35-45,Normal,11421.914,76,2017,03,15,00
35-45,Premium,37345.4888,198,2017,03,15,00
45-55,Normal,11686.7695,70,2017,03,15,00
45-55,Premium,44916.7123,208,2017,03,15,00
55-65,Normal,8948.505000000001,49,2017,03,15,00
55-65,Premium,38958.5,198,2017,03,15,00
65+,Normal,3256.494,18,2017,03,15,00
65+,Premium,17947.9025,85,2017,03,15,00
0-18,Normal,291.55,5,2017,03,15,07
0-18,Premium,1317.8200000000002,5,2017,03,15,07
18-25,Normal,8018.548000000001,34,2017,03,15,07
18-25,Premium,5034.965,19,2017,03,15,07
25-35,Normal,15279.469,58,2017,03,15,07
25-35,Premium,7813.016,49,2017,03,15,07
35-45,Normal,9201.566,54,2017,03,15,07
35-45,Premium,8421.468,47,2017,03,15,07
45-55,Normal,13728.622,64,2017,03,15,07
45-55,Premium,4252.758,25,2017,03,15,07
55-65,Normal,10017.767,63,2017,03,15,07
55-65,Premium,8972.572,39,2017,03,15,07
65+,Normal,7525.144,20,2017,03,15,07
65+,Premium,4375.994,14,2017,03,15,07
0-18,Normal,29.496000000000002,2,2017,03,15,09
0-18,Premium,1544.974,10,2017,03,15,09
18-25,Normal,10726.652,41,2017,03,15,09
18-25,Premium,11851.3025,50,2017,03,15,09
25-35,Normal,13228.658,63,2017,03,15,09
25-35,Premium,14680.824,63,2017,03,15,09
35-45,Normal,19671.893,67,2017,03,15,09
35-45,Premium,13812.973,77,2017,03,15,09
45-55,Normal,6919.641,50,2017,03,15,09
45-55,Premium,22459.423,77,2017,03,15,09
55-65,Normal,12827.641,63,2017,03,15,09
55-65,Premium,13312.908,71,2017,03,15,09
65+,Normal,3905.866,24,2017,03,15,09
65+,Premium,5345.916,33,2017,03,15,09
0-18,Normal,714.412,3,2017,03,15,08
0-18,Premium,744.784,6,2017,03,15,08
18-25,Normal,9259.289,46,2017,03,15,08
18-25,Premium,4447.318,31,2017,03,15,08
25-35,Normal,10652.979,61,2017,03,15,08
25-35,Premium,12036.408,57,2017,03,15,08
35-45,Normal,14869.492,66,2017,03,15,08
35-45,Premium,10976.543,59,2017,03,15,08
45-55,Normal,11354.027,67,2017,03,15,08
45-55,Premium,11210.286,53,2017,03,15,08
55-65,Normal,12465.052,60,2017,03,15,08
55-65,Premium,10140.634,57,2017,03,15,08
65+,Normal,7001.657,23,2017,03,15,08
65+,Premium,3206.511,21,2017,03,15,08
0-18,Normal,1221.12,6,2017,03,15,06
0-18,Premium,387.532,6,2017,03,15,06
18-25,Normal,10733.98,42,2017,03,15,06
18-25,Premium,3547.4030000000002,34,2017,03,15,06
25-35,Normal,19996.53,66,2017,03,15,06
25-35,Premium,7536.438,41,2017,03,15,06
35-45,Normal,12841.101999999999,66,2017,03,15,06
35-45,Premium,8199.919,43,2017,03,15,06
45-55,Normal,11014.936,43,2017,03,15,06
45-55,Premium,7852.5682,37,2017,03,15,06
55-65,Normal,9919.851,63,2017,03,15,06
55-65,Premium,8069.432,28,2017,03,15,06
65+,Normal,3456.8819999999996,12,2017,03,15,06
65+,Premium,2650.7780000000002,15,2017,03,15,06
0-18,Normal,1832.9759999999999,10,2017,03,15,01
0-18,Premium,2468.38,15,2017,03,15,01
18-25,Normal,6228.0238,31,2017,03,15,01
18-25,Premium,20210.364,121,2017,03,15,01
25-35,Normal,15197.771,50,2017,03,15,01
25-35,Premium,33118.906,177,2017,03,15,01
35-45,Normal,18773.649,75,2017,03,15,01
35-45,Premium,36441.871,177,2017,03,15,01
45-55,Normal,12466.57,46,2017,03,15,01
45-55,Premium,39213.555,193,2017,03,15,01
55-65,Normal,15188.482,66,2017,03,15,01
55-65,Premium,29349.9565,175,2017,03,15,01
65+,Normal,3856.794,22,2017,03,15,01
65+,Premium,20160.751,77,2017,03,15,01
0-18,Normal,2248.4500000000003,8,2017,03,15,23
0-18,Premium,867.5799999999999,6,2017,03,15,23
18-25,Normal,30099.899999999998,48,2017,03,15,23
18-25,Premium,27242.04,50,2017,03,15,23
25-35,Normal,16646.46,53,2017,03,15,23
25-35,Premium,38862.01,66,2017,03,15,23
35-45,Normal,20109.82,66,2017,03,15,23
35-45,Premium,40814.85,78,2017,03,15,23
45-55,Normal,27872.37,52,2017,03,15,23
45-55,Premium,28988.42,75,2017,03,15,23
55-65,Normal,11974.64,52,2017,03,15,23
55-65,Premium,32702.75,61,2017,03,15,23
65+,Normal,20190.05,25,2017,03,15,23
65+,Premium,12874.109999999999,28,2017,03,15,23
0-18,Normal,669.256,6,2017,03,15,12
0-18,Premium,527.5160000000001,4,2017,03,15,12
18-25,Normal,11247.932,48,2017,03,15,12
18-25,Premium,11496.529,47,2017,03,15,12
25-35,Normal,9399.185,57,2017,03,15,12
25-35,Premium,8985.666000000001,55,2017,03,15,12
35-45,Normal,11045.055,50,2017,03,15,12
35-45,Premium,16949.8354,76,2017,03,15,12
45-55,Normal,15371.8264,64,2017,03,15,12
45-55,Premium,9586.092,58,2017,03,15,12
55-65,Normal,10962.0152,58,2017,03,15,12
55-65,Premium,17474.345,76,2017,03,15,12
65+,Normal,6322.971999999999,27,2017,03,15,12
65+,Premium,7101.638,16,2017,03,15,12
0-18,Normal,20.92,2,2017,03,15,15
0-18,Premium,12394.33,16,2017,03,15,15
18-25,Normal,16676.56,40,2017,03,15,15
18-25,Premium,21679.47,76,2017,03,15,15
25-35,Normal,19178.5,63,2017,03,15,15
25-35,Premium,66469.18000000001,124,2017,03,15,15
35-45,Normal,45021.07,68,2017,03,15,15
35-45,Premium,65449.68,101,2017,03,15,15
45-55,Normal,40499.11,55,2017,03,15,15
45-55,Premium,45851.89,95,2017,03,15,15
55-65,Normal,20532.45,55,2017,03,15,15
55-65,Premium,58092.97,116,2017,03,15,15
65+,Normal,12784.939999999999,24,2017,03,15,15
65+,Premium,33997.44,51,2017,03,15,15
0-18,Normal,932.3699999999999,5,2017,03,15,14
0-18,Premium,3770.2,13,2017,03,15,14
18-25,Normal,15999.76,45,2017,03,15,14
18-25,Premium,22773.01,72,2017,03,15,14
25-35,Normal,24697.46,59,2017,03,15,14
25-35,Premium,75934.69,133,2017,03,15,14
35-45,Normal,34520.0,66,2017,03,15,14
35-45,Premium,51454.1,107,2017,03,15,14
45-55,Normal,27970.67,63,2017,03,15,14
45-55,Premium,40518.49,106,2017,03,15,14
55-65,Normal,21206.18,58,2017,03,15,14
55-65,Premium,40624.83,101,2017,03,15,14
65+,Normal,16758.46,20,2017,03,15,14
65+,Premium,23701.63,45,2017,03,15,14
0-18,Normal,335.712,5,2017,03,15,13
0-18,Premium,579.226,12,2017,03,15,13
18-25,Normal,11432.436,45,2017,03,15,13
18-25,Premium,15583.132,40,2017,03,15,13
25-35,Normal,24802.48,64,2017,03,15,13
25-35,Premium,32959.896,64,2017,03,15,13
35-45,Normal,12302.908,59,2017,03,15,13
35-45,Premium,15949.918,66,2017,03,15,13
45-55,Normal,15409.368,52,2017,03,15,13
45-55,Premium,20842.1316,75,2017,03,15,13
55-65,Normal,29961.206,75,2017,03,15,13
55-65,Premium,29152.701999999997,62,2017,03,15,13
65+,Normal,9476.502,28,2017,03,15,13
65+,Premium,14179.606,33,2017,03,15,13
0-18,Normal,2030.3899999999999,4,2017,03,15,22
0-18,Premium,3454.88,8,2017,03,15,22
18-25,Normal,20923.83,31,2017,03,15,22
18-25,Premium,31278.01,59,2017,03,15,22
25-35,Normal,22857.67,65,2017,03,15,22
25-35,Premium,42745.66,88,2017,03,15,22
35-45,Normal,25108.81,60,2017,03,15,22
35-45,Premium,43126.5,79,2017,03,15,22
45-55,Normal,30374.51,65,2017,03,15,22
45-55,Premium,24585.06,69,2017,03,15,22
55-65,Normal,20843.07,58,2017,03,15,22
55-65,Premium,48973.41,91,2017,03,15,22
65+,Normal,8114.46,29,2017,03,15,22
65+,Premium,18442.43,38,2017,03,15,22
0-18,Normal,0.0,0,2017,03,14,18
18-25,Normal,0.0,0,2017,03,14,18
25-35,Normal,48.86,1,2017,03,14,18
35-45,Normal,0.0,0,2017,03,14,18
45-55,Normal,22.368,1,2017,03,14,18
55-65,Normal,0.0,0,2017,03,14,18
65+,Normal,0.0,0,2017,03,14,18
0-18,Normal,0.0,0,2017,03,14,20
18-25,Normal,0.0,0,2017,03,14,20
25-35,Normal,911.424,1,2017,03,14,20
35-45,Normal,1706.184,1,2017,03,14,20
45-55,Normal,0.0,0,2017,03,14,20
55-65,Normal,0.0,0,2017,03,14,20
65+,Normal,0.0,0,2017,03,14,20
0-18,Normal,0.0,0,2017,03,14,17
18-25,Normal,1157.0800000000002,4,2017,03,14,17
25-35,Normal,261.96,1,2017,03,14,17
35-45,Normal,0.0,0,2017,03,14,17
45-55,Normal,0.0,0,2017,03,14,17
55-65,Normal,0.0,0,2017,03,14,17
65+,Normal,1041.9395,3,2017,03,14,17
0-18,Normal,0.0,0,2017,03,14,19
18-25,Normal,0.0,0,2017,03,14,19
25-35,Normal,907.152,1,2017,03,14,19
35-45,Normal,0.0,0,2017,03,14,19
45-55,Normal,0.0,1,2017,03,14,19
55-65,Normal,114.9,1,2017,03,14,19
65+,Normal,18.504,1,2017,03,14,19
0-18,Normal,5485.55,8,2017,03,18,04
0-18,Premium,3127.88,9,2017,03,18,04
18-25,Normal,16969.62,32,2017,03,18,04
18-25,Premium,60687.19,114,2017,03,18,04
25-35,Normal,25542.94,55,2017,03,18,04
25-35,Premium,96272.71,156,2017,03,18,04
35-45,Normal,25311.74,62,2017,03,18,04
35-45,Premium,62434.03,137,2017,03,18,04
45-55,Normal,30146.4,54,2017,03,18,04
45-55,Premium,87558.5,168,2017,03,18,04
55-65,Normal,25984.969999999998,65,2017,03,18,04
55-65,Premium,79055.96,172,2017,03,18,04
65+,Normal,7190.8099999999995,20,2017,03,18,04
65+,Premium,40829.56,65,2017,03,18,04
0-18,Normal,631.51,4,2017,03,18,03
0-18,Premium,13123.736,24,2017,03,18,03
18-25,Normal,17259.984,40,2017,03,18,03
18-25,Premium,75087.09,220,2017,03,18,03
25-35,Normal,10916.635,47,2017,03,18,03
25-35,Premium,97916.2514,279,2017,03,18,03
35-45,Normal,12829.530999999999,50,2017,03,18,03
35-45,Premium,66774.6972,263,2017,03,18,03
45-55,Normal,17484.546,63,2017,03,18,03
45-55,Premium,67402.284,243,2017,03,18,03
55-65,Normal,30644.982,67,2017,03,18,03
55-65,Premium,73565.533,270,2017,03,18,03
65+,Normal,5690.522,25,2017,03,18,03
65+,Premium,35055.893,121,2017,03,18,03
0-18,Normal,1031.444,5,2017,03,18,02
0-18,Premium,9620.402,45,2017,03,18,02
18-25,Normal,8938.037,38,2017,03,18,02
18-25,Premium,48605.221,273,2017,03,18,02
25-35,Normal,10561.208,55,2017,03,18,02
25-35,Premium,81181.8949,375,2017,03,18,02
35-45,Normal,15065.481,56,2017,03,18,02
35-45,Premium,73282.5115,373,2017,03,18,02
45-55,Normal,12948.300500000001,63,2017,03,18,02
45-55,Premium,83282.26,401,2017,03,18,02
55-65,Normal,13677.7014,59,2017,03,18,02
55-65,Premium,70801.989,360,2017,03,18,02
65+,Normal,5107.267,20,2017,03,18,02
65+,Premium,36716.367,155,2017,03,18,02
0-18,Normal,37.879999999999995,2,2017,03,18,05
0-18,Premium,2662.71,18,2017,03,18,05
18-25,Normal,17792.23,39,2017,03,18,05
18-25,Premium,74969.93,114,2017,03,18,05
25-35,Normal,29106.25,62,2017,03,18,05
25-35,Premium,102425.56999999999,172,2017,03,18,05
35-45,Normal,36045.73,76,2017,03,18,05
35-45,Premium,73092.99,185,2017,03,18,05
45-55,Normal,24515.36,49,2017,03,18,05
45-55,Premium,79227.88,177,2017,03,18,05
55-65,Normal,31333.47,50,2017,03,18,05
55-65,Premium,103291.64,161,2017,03,18,05
65+,Normal,8846.55,18,2017,03,18,05
65+,Premium,27521.27,59,2017,03,18,05
0-18,Normal,500.89,5,2017,03,18,18
0-18,Premium,941.2199999999999,8,2017,03,18,18
18-25,Normal,20338.16,42,2017,03,18,18
18-25,Premium,16581.18,49,2017,03,18,18
25-35,Normal,22141.57,50,2017,03,18,18
25-35,Premium,52790.67,97,2017,03,18,18
35-45,Normal,43452.15,57,2017,03,18,18
35-45,Premium,41079.03,77,2017,03,18,18
45-55,Normal,43024.700000000004,66,2017,03,18,18
45-55,Premium,36273.270000000004,95,2017,03,18,18
55-65,Normal,25117.37,48,2017,03,18,18
55-65,Premium,27957.66,65,2017,03,18,18
65+,Normal,24213.579999999998,28,2017,03,18,18
65+,Premium,19296.09,35,2017,03,18,18
0-18,Normal,900.24,1,2017,03,18,20
0-18,Premium,1877.85,10,2017,03,18,20
18-25,Normal,15559.36,34,2017,03,18,20
18-25,Premium,28676.350000000002,62,2017,03,18,20
25-35,Normal,19144.23,59,2017,03,18,20
25-35,Premium,35708.91,83,2017,03,18,20
35-45,Normal,25056.010000000002,61,2017,03,18,20
35-45,Premium,37339.56,88,2017,03,18,20
45-55,Normal,38562.34,59,2017,03,18,20
45-55,Premium,57775.96,90,2017,03,18,20
55-65,Normal,19983.15,64,2017,03,18,20
55-65,Premium,34277.0,85,2017,03,18,20
65+,Normal,3527.7400000000002,22,2017,03,18,20
65+,Premium,14887.03,39,2017,03,18,20
0-18,Normal,645.61,3,2017,03,18,16
0-18,Premium,10230.33,16,2017,03,18,16
18-25,Normal,24880.51,45,2017,03,18,16
18-25,Premium,86947.33,184,2017,03,18,16
25-35,Normal,34533.6,56,2017,03,18,16
25-35,Premium,98274.35,231,2017,03,18,16
35-45,Normal,23976.87,53,2017,03,18,16
35-45,Premium,97360.24,215,2017,03,18,16
45-55,Normal,40134.22,69,2017,03,18,16
45-55,Premium,111381.64,208,2017,03,18,16
55-65,Normal,33969.96,52,2017,03,18,16
55-65,Premium,125480.79,236,2017,03,18,16
65+,Normal,12599.09,22,2017,03,18,16
65+,Premium,38386.68,81,2017,03,18,16
0-18,Normal,2140.99,5,2017,03,18,11
0-18,Premium,8079.85,13,2017,03,18,11
18-25,Normal,29626.05,39,2017,03,18,11
18-25,Premium,30076.29,63,2017,03,18,11
25-35,Normal,46007.51,51,2017,03,18,11
25-35,Premium,34358.27,106,2017,03,18,11
35-45,Normal,20619.36,53,2017,03,18,11
35-45,Premium,65450.58,114,2017,03,18,11
45-55,Normal,40140.72,68,2017,03,18,11
45-55,Premium,57540.11,115,2017,03,18,11
55-65,Normal,30528.98,51,2017,03,18,11
55-65,Premium,71931.37,101,2017,03,18,11
65+,Normal,19075.19,29,2017,03,18,11
65+,Premium,24508.93,39,2017,03,18,11
0-18,Normal,183.56,4,2017,03,18,10
0-18,Premium,4412.8,6,2017,03,18,10
18-25,Normal,30109.280000000002,42,2017,03,18,10
18-25,Premium,52738.55,95,2017,03,18,10
25-35,Normal,38540.92,65,2017,03,18,10
25-35,Premium,78290.09,137,2017,03,18,10
35-45,Normal,23722.84,57,2017,03,18,10
35-45,Premium,48862.9,113,2017,03,18,10
45-55,Normal,39373.11,63,2017,03,18,10
45-55,Premium,69231.06,141,2017,03,18,10
55-65,Normal,19957.43,48,2017,03,18,10
55-65,Premium,56020.939999999995,111,2017,03,18,10
65+,Normal,4768.8,17,2017,03,18,10
65+,Premium,14708.74,43,2017,03,18,10
0-18,Normal,3448.26,7,2017,03,18,17
0-18,Premium,9487.51,12,2017,03,18,17
18-25,Normal,16469.12,39,2017,03,18,17
18-25,Premium,42869.61,70,2017,03,18,17
25-35,Normal,19617.23,51,2017,03,18,17
25-35,Premium,39533.53,87,2017,03,18,17
35-45,Normal,32042.510000000002,62,2017,03,18,17
35-45,Premium,45797.46,102,2017,03,18,17
45-55,Normal,26864.79,59,2017,03,18,17
45-55,Premium,39268.03,91,2017,03,18,17
55-65,Normal,23661.1,58,2017,03,18,17
55-65,Premium,48787.19,101,2017,03,18,17
65+,Normal,4053.85,22,2017,03,18,17
65+,Premium,15968.35,33,2017,03,18,17
0-18,Normal,1435.05,6,2017,03,18,21
0-18,Premium,7981.05,7,2017,03,18,21
18-25,Normal,14205.72,30,2017,03,18,21
18-25,Premium,33564.4,75,2017,03,18,21
25-35,Normal,30911.87,61,2017,03,18,21
25-35,Premium,38581.14,95,2017,03,18,21
35-45,Normal,19544.75,62,2017,03,18,21
35-45,Premium,70217.31,128,2017,03,18,21
45-55,Normal,18081.94,54,2017,03,18,21
45-55,Premium,30351.96,81,2017,03,18,21
55-65,Normal,43151.76,56,2017,03,18,21
55-65,Premium,56930.78,108,2017,03,18,21
65+,Normal,17086.73,27,2017,03,18,21
65+,Premium,16486.06,33,2017,03,18,21
0-18,Normal,6383.07,7,2017,03,18,19
0-18,Premium,4045.4,9,2017,03,18,19
18-25,Normal,13421.5,35,2017,03,18,19
18-25,Premium,30083.98,65,2017,03,18,19
25-35,Normal,25705.68,54,2017,03,18,19
25-35,Premium,29600.7,80,2017,03,18,19
35-45,Normal,36325.33,63,2017,03,18,19
35-45,Premium,45366.93,101,2017,03,18,19
45-55,Normal,28504.31,60,2017,03,18,19
45-55,Premium,34531.0,88,2017,03,18,19
55-65,Normal,30076.94,62,2017,03,18,19
55-65,Premium,33220.14,86,2017,03,18,19
65+,Normal,8795.32,17,2017,03,18,19
65+,Premium,16028.6,38,2017,03,18,19
0-18,Normal,2807.5460000000003,9,2017,03,18,00
0-18,Premium,693.64,13,2017,03,18,00
18-25,Normal,10318.606,40,2017,03,18,00
18-25,Premium,16946.0078,72,2017,03,18,00
25-35,Normal,9868.1105,47,2017,03,18,00
25-35,Premium,15617.0308,108,2017,03,18,00
35-45,Normal,18790.732,71,2017,03,18,00
35-45,Premium,14097.7268,107,2017,03,18,00
45-55,Normal,10570.394,46,2017,03,18,00
45-55,Premium,17663.919,101,2017,03,18,00
55-65,Normal,6531.019,57,2017,03,18,00
55-65,Premium,30764.942,95,2017,03,18,00
65+,Normal,2912.069,26,2017,03,18,00
65+,Premium,3736.557,48,2017,03,18,00
0-18,Normal,5304.71,5,2017,03,18,07
0-18,Premium,7309.2300000000005,13,2017,03,18,07
18-25,Normal,21623.08,39,2017,03,18,07
18-25,Premium,45103.52,88,2017,03,18,07
25-35,Normal,40394.38,75,2017,03,18,07
25-35,Premium,50890.29,111,2017,03,18,07
35-45,Normal,31415.219999999998,59,2017,03,18,07
35-45,Premium,62176.57,135,2017,03,18,07
45-55,Normal,20769.96,53,2017,03,18,07
45-55,Premium,58373.7,114,2017,03,18,07
55-65,Normal,13979.43,47,2017,03,18,07
55-65,Premium,72836.15,148,2017,03,18,07
65+,Normal,6944.929999999999,18,2017,03,18,07
65+,Premium,29095.88,43,2017,03,18,07
0-18,Normal,3078.5299999999997,5,2017,03,18,09
0-18,Premium,954.79,10,2017,03,18,09
18-25,Normal,21077.43,49,2017,03,18,09
18-25,Premium,29278.5,70,2017,03,18,09
25-35,Normal,21755.48,51,2017,03,18,09
25-35,Premium,53793.32,116,2017,03,18,09
35-45,Normal,32997.88,59,2017,03,18,09
35-45,Premium,45026.12,101,2017,03,18,09
45-55,Normal,27716.11,56,2017,03,18,09
45-55,Premium,43948.35,114,2017,03,18,09
55-65,Normal,35845.42,58,2017,03,18,09
55-65,Premium,48730.38,112,2017,03,18,09
65+,Normal,5781.11,18,2017,03,18,09
65+,Premium,13581.9,42,2017,03,18,09
0-18,Normal,3901.08,4,2017,03,18,08
0-18,Premium,4319.11,10,2017,03,18,08
18-25,Normal,18828.64,37,2017,03,18,08
18-25,Premium,23863.48,53,2017,03,18,08
25-35,Normal,36159.37,61,2017,03,18,08
25-35,Premium,59759.06,99,2017,03,18,08
35-45,Normal,33788.53,61,2017,03,18,08
35-45,Premium,47366.35,102,2017,03,18,08
45-55,Normal,36286.2,59,2017,03,18,08
45-55,Premium,49224.549999999996,84,2017,03,18,08
55-65,Normal,25136.99,55,2017,03,18,08
55-65,Premium,49778.770000000004,84,2017,03,18,08
65+,Normal,9520.59,19,2017,03,18,08
65+,Premium,10658.44,24,2017,03,18,08
0-18,Normal,6601.8099999999995,7,2017,03,18,06
0-18,Premium,7702.21,14,2017,03,18,06
18-25,Normal,11363.26,32,2017,03,18,06
18-25,Premium,57868.61,112,2017,03,18,06
25-35,Normal,20490.62,54,2017,03,18,06
25-35,Premium,71939.3,153,2017,03,18,06
35-45,Normal,16944.27,55,2017,03,18,06
35-45,Premium,80517.7,175,2017,03,18,06
45-55,Normal,29493.05,63,2017,03,18,06
45-55,Premium,75005.15,141,2017,03,18,06
55-65,Normal,34574.29,56,2017,03,18,06
55-65,Premium,76495.31,147,2017,03,18,06
65+,Normal,20888.77,29,2017,03,18,06
65+,Premium,32635.0,43,2017,03,18,06
0-18,Normal,2309.823,9,2017,03,18,01
0-18,Premium,6121.35,17,2017,03,18,01
18-25,Normal,6560.071,42,2017,03,18,01
18-25,Premium,43351.3716,171,2017,03,18,01
25-35,Normal,12755.4152,58,2017,03,18,01
25-35,Premium,57296.875,246,2017,03,18,01
35-45,Normal,13707.761,64,2017,03,18,01
35-45,Premium,51656.239199999996,244,2017,03,18,01
45-55,Normal,10209.269,54,2017,03,18,01
45-55,Premium,39000.4372,221,2017,03,18,01
55-65,Normal,9045.926,49,2017,03,18,01
55-65,Premium,52339.396,271,2017,03,18,01
65+,Normal,3022.87,22,2017,03,18,01
65+,Premium,19422.653000000002,122,2017,03,18,01
0-18,Normal,1619.0,4,2017,03,18,23
0-18,Premium,4640.0,11,2017,03,18,23
18-25,Normal,19029.02,45,2017,03,18,23
18-25,Premium,26274.190000000002,53,2017,03,18,23
25-35,Normal,32388.97,64,2017,03,18,23
25-35,Premium,42308.58,79,2017,03,18,23
35-45,Normal,21521.75,63,2017,03,18,23
35-45,Premium,49445.21,94,2017,03,18,23
45-55,Normal,34460.0,58,2017,03,18,23
45-55,Premium,43597.28,93,2017,03,18,23
55-65,Normal,17962.95,41,2017,03,18,23
55-65,Premium,57007.35,93,2017,03,18,23
65+,Normal,19815.29,23,2017,03,18,23
65+,Premium,11353.72,40,2017,03,18,23
0-18,Normal,8438.22,5,2017,03,18,12
0-18,Premium,4582.3,19,2017,03,18,12
18-25,Normal,29909.25,51,2017,03,18,12
18-25,Premium,70998.06,158,2017,03,18,12
25-35,Normal,27539.55,46,2017,03,18,12
25-35,Premium,124277.58,228,2017,03,18,12
35-45,Normal,28244.71,53,2017,03,18,12
35-45,Premium,112319.32,243,2017,03,18,12
45-55,Normal,19805.05,55,2017,03,18,12
45-55,Premium,93343.57,229,2017,03,18,12
55-65,Normal,34741.89,62,2017,03,18,12
55-65,Premium,114109.59,264,2017,03,18,12
65+,Normal,8204.74,24,2017,03,18,12
65+,Premium,36483.02,101,2017,03,18,12
0-18,Normal,3926.2899999999995,7,2017,03,18,15
0-18,Premium,6342.12,20,2017,03,18,15
18-25,Normal,18525.9,38,2017,03,18,15
18-25,Premium,32240.98,72,2017,03,18,15
25-35,Normal,31572.71,59,2017,03,18,15
25-35,Premium,50330.9,111,2017,03,18,15
35-45,Normal,26444.33,62,2017,03,18,15
35-45,Premium,41827.15,109,2017,03,18,15
45-55,Normal,28296.32,56,2017,03,18,15
45-55,Premium,36859.57,113,2017,03,18,15
55-65,Normal,17659.92,55,2017,03,18,15
55-65,Premium,55769.39,113,2017,03,18,15
65+,Normal,7212.47,19,2017,03,18,15
65+,Premium,24034.06,46,2017,03,18,15
0-18,Normal,1184.8600000000001,4,2017,03,18,14
0-18,Premium,4039.02,8,2017,03,18,14
18-25,Normal,18665.84,47,2017,03,18,14
18-25,Premium,39167.63,61,2017,03,18,14
25-35,Normal,15160.89,61,2017,03,18,14
25-35,Premium,48714.74,80,2017,03,18,14
35-45,Normal,28238.170000000002,49,2017,03,18,14
35-45,Premium,46766.76,93,2017,03,18,14
45-55,Normal,23177.12,54,2017,03,18,14
45-55,Premium,35355.71,91,2017,03,18,14
55-65,Normal,40620.29,68,2017,03,18,14
55-65,Premium,36067.65,77,2017,03,18,14
65+,Normal,6991.51,13,2017,03,18,14
65+,Premium,6655.55,39,2017,03,18,14
0-18,Normal,3286.2400000000002,5,2017,03,18,13
0-18,Premium,4751.57,8,2017,03,18,13
18-25,Normal,8877.039999999999,44,2017,03,18,13
18-25,Premium,37541.86,71,2017,03,18,13
25-35,Normal,26277.32,59,2017,03,18,13
25-35,Premium,40696.91,91,2017,03,18,13
35-45,Normal,31359.210000000003,59,2017,03,18,13
35-45,Premium,35384.83,84,2017,03,18,13
45-55,Normal,24457.36,51,2017,03,18,13
45-55,Premium,39987.26,96,2017,03,18,13
55-65,Normal,33821.28,51,2017,03,18,13
55-65,Premium,52065.99,103,2017,03,18,13
65+,Normal,13736.16,27,2017,03,18,13
65+,Premium,16239.31,27,2017,03,18,13
0-18,Normal,1541.06,3,2017,03,18,22
0-18,Premium,1669.3000000000002,5,2017,03,18,22
18-25,Normal,19860.17,33,2017,03,18,22
18-25,Premium,27357.35,61,2017,03,18,22
25-35,Normal,24960.58,59,2017,03,18,22
25-35,Premium,44489.39,79,2017,03,18,22
35-45,Normal,35344.24,63,2017,03,18,22
35-45,Premium,32980.73,89,2017,03,18,22
45-55,Normal,36029.25,63,2017,03,18,22
45-55,Premium,44705.36,75,2017,03,18,22
55-65,Normal,29333.6,55,2017,03,18,22
55-65,Premium,40572.25,86,2017,03,18,22
65+,Normal,9320.29,22,2017,03,18,22
65+,Premium,16948.45,25,2017,03,18,22
0-18,Normal,0.0,0,2017,03,20,04
0-18,Premium,0.0,0,2017,03,20,04
18-25,Normal,0.0,0,2017,03,20,04
18-25,Premium,0.0,0,2017,03,20,04
25-35,Normal,0.0,0,2017,03,20,04
25-35,Premium,0.0,0,2017,03,20,04
35-45,Normal,0.0,0,2017,03,20,04
35-45,Premium,0.0,0,2017,03,20,04
45-55,Normal,0.0,0,2017,03,20,04
45-55,Premium,0.0,0,2017,03,20,04
55-65,Normal,0.0,0,2017,03,20,04
55-65,Premium,0.0,0,2017,03,20,04
65+,Normal,0.0,0,2017,03,20,04
65+,Premium,0.0,0,2017,03,20,04
0-18,Normal,0.0,0,2017,03,20,03
0-18,Premium,0.0,0,2017,03,20,03
18-25,Normal,0.0,0,2017,03,20,03
18-25,Premium,0.0,0,2017,03,20,03
25-35,Normal,0.0,0,2017,03,20,03
25-35,Premium,0.0,0,2017,03,20,03
35-45,Normal,0.0,0,2017,03,20,03
35-45,Premium,0.0,0,2017,03,20,03
45-55,Normal,0.0,0,2017,03,20,03
45-55,Premium,0.0,0,2017,03,20,03
55-65,Normal,0.0,0,2017,03,20,03
55-65,Premium,0.0,0,2017,03,20,03
65+,Normal,0.0,0,2017,03,20,03
65+,Premium,0.0,0,2017,03,20,03
0-18,Normal,0.0,0,2017,03,20,02
0-18,Premium,0.0,0,2017,03,20,02
18-25,Normal,0.0,0,2017,03,20,02
18-25,Premium,0.0,0,2017,03,20,02
25-35,Normal,0.0,0,2017,03,20,02
25-35,Premium,0.0,0,2017,03,20,02
35-45,Normal,0.0,0,2017,03,20,02
35-45,Premium,0.0,0,2017,03,20,02
45-55,Normal,0.0,0,2017,03,20,02
45-55,Premium,0.0,0,2017,03,20,02
55-65,Normal,0.0,0,2017,03,20,02
55-65,Premium,0.0,0,2017,03,20,02
65+,Normal,0.0,0,2017,03,20,02
65+,Premium,0.0,0,2017,03,20,02
0-18,Normal,0.0,0,2017,03,20,05
0-18,Premium,0.0,0,2017,03,20,05
18-25,Normal,0.0,0,2017,03,20,05
18-25,Premium,0.0,0,2017,03,20,05
25-35,Normal,0.0,0,2017,03,20,05
25-35,Premium,0.0,0,2017,03,20,05
35-45,Normal,0.0,0,2017,03,20,05
35-45,Premium,0.0,0,2017,03,20,05
45-55,Normal,0.0,0,2017,03,20,05
45-55,Premium,0.0,0,2017,03,20,05
55-65,Normal,0.0,0,2017,03,20,05
55-65,Premium,0.0,0,2017,03,20,05
65+,Normal,0.0,0,2017,03,20,05
65+,Premium,0.0,0,2017,03,20,05
0-18,Normal,0.0,0,2017,03,20,18
0-18,Premium,0.0,0,2017,03,20,18
18-25,Normal,0.0,0,2017,03,20,18
18-25,Premium,0.0,0,2017,03,20,18
25-35,Normal,0.0,0,2017,03,20,18
25-35,Premium,0.0,0,2017,03,20,18
35-45,Normal,0.0,0,2017,03,20,18
35-45,Premium,0.0,0,2017,03,20,18
45-55,Normal,0.0,0,2017,03,20,18
45-55,Premium,0.0,0,2017,03,20,18
55-65,Normal,0.0,0,2017,03,20,18
55-65,Premium,0.0,0,2017,03,20,18
65+,Normal,0.0,0,2017,03,20,18
65+,Premium,0.0,0,2017,03,20,18
0-18,Normal,0.0,0,2017,03,20,20
0-18,Premium,0.0,0,2017,03,20,20
18-25,Normal,0.0,0,2017,03,20,20
18-25,Premium,0.0,0,2017,03,20,20
25-35,Normal,0.0,0,2017,03,20,20
25-35,Premium,0.0,0,2017,03,20,20
35-45,Normal,0.0,0,2017,03,20,20
35-45,Premium,0.0,0,2017,03,20,20
45-55,Normal,0.0,0,2017,03,20,20
45-55,Premium,0.0,0,2017,03,20,20
55-65,Normal,0.0,0,2017,03,20,20
55-65,Premium,0.0,0,2017,03,20,20
65+,Normal,0.0,0,2017,03,20,20
65+,Premium,0.0,0,2017,03,20,20
0-18,Normal,0.0,0,2017,03,20,16
0-18,Premium,0.0,0,2017,03,20,16
18-25,Normal,0.0,0,2017,03,20,16
18-25,Premium,0.0,0,2017,03,20,16
25-35,Normal,0.0,0,2017,03,20,16
25-35,Premium,0.0,0,2017,03,20,16
35-45,Normal,0.0,0,2017,03,20,16
35-45,Premium,0.0,0,2017,03,20,16
45-55,Normal,0.0,0,2017,03,20,16
45-55,Premium,0.0,0,2017,03,20,16
55-65,Normal,0.0,0,2017,03,20,16
55-65,Premium,0.0,0,2017,03,20,16
65+,Normal,0.0,0,2017,03,20,16
65+,Premium,0.0,0,2017,03,20,16
0-18,Normal,0.0,0,2017,03,20,11
0-18,Premium,0.0,0,2017,03,20,11
18-25,Normal,0.0,0,2017,03,20,11
18-25,Premium,0.0,0,2017,03,20,11
25-35,Normal,0.0,0,2017,03,20,11
25-35,Premium,0.0,0,2017,03,20,11
35-45,Normal,0.0,0,2017,03,20,11
35-45,Premium,0.0,0,2017,03,20,11
45-55,Normal,0.0,0,2017,03,20,11
45-55,Premium,0.0,0,2017,03,20,11
55-65,Normal,0.0,0,2017,03,20,11
55-65,Premium,0.0,0,2017,03,20,11
65+,Normal,0.0,0,2017,03,20,11
65+,Premium,0.0,0,2017,03,20,11
0-18,Normal,0.0,0,2017,03,20,10
0-18,Premium,0.0,0,2017,03,20,10
18-25,Normal,0.0,0,2017,03,20,10
18-25,Premium,0.0,0,2017,03,20,10
25-35,Normal,0.0,0,2017,03,20,10
25-35,Premium,0.0,0,2017,03,20,10
35-45,Normal,0.0,0,2017,03,20,10
35-45,Premium,0.0,0,2017,03,20,10
45-55,Normal,0.0,0,2017,03,20,10
45-55,Premium,0.0,0,2017,03,20,10
55-65,Normal,0.0,0,2017,03,20,10
55-65,Premium,0.0,0,2017,03,20,10
65+,Normal,0.0,0,2017,03,20,10
65+,Premium,0.0,0,2017,03,20,10
0-18,Normal,0.0,0,2017,03,20,17
0-18,Premium,0.0,0,2017,03,20,17
18-25,Normal,0.0,0,2017,03,20,17
18-25,Premium,0.0,0,2017,03,20,17
25-35,Normal,0.0,0,2017,03,20,17
25-35,Premium,0.0,0,2017,03,20,17
35-45,Normal,0.0,0,2017,03,20,17
35-45,Premium,0.0,0,2017,03,20,17
45-55,Normal,0.0,0,2017,03,20,17
45-55,Premium,0.0,0,2017,03,20,17
55-65,Normal,0.0,0,2017,03,20,17
55-65,Premium,0.0,0,2017,03,20,17
65+,Normal,0.0,0,2017,03,20,17
65+,Premium,0.0,0,2017,03,20,17
0-18,Normal,0.0,0,2017,03,20,21
0-18,Premium,0.0,0,2017,03,20,21
18-25,Normal,0.0,0,2017,03,20,21
18-25,Premium,0.0,0,2017,03,20,21
25-35,Normal,0.0,0,2017,03,20,21
25-35,Premium,0.0,0,2017,03,20,21
35-45,Normal,0.0,0,2017,03,20,21
35-45,Premium,0.0,0,2017,03,20,21
45-55,Normal,0.0,0,2017,03,20,21
45-55,Premium,0.0,0,2017,03,20,21
55-65,Normal,0.0,0,2017,03,20,21
55-65,Premium,0.0,0,2017,03,20,21
65+,Normal,0.0,0,2017,03,20,21
65+,Premium,0.0,0,2017,03,20,21
0-18,Normal,0.0,0,2017,03,20,19
0-18,Premium,0.0,0,2017,03,20,19
18-25,Normal,0.0,0,2017,03,20,19
18-25,Premium,0.0,0,2017,03,20,19
25-35,Normal,0.0,0,2017,03,20,19
25-35,Premium,0.0,0,2017,03,20,19
35-45,Normal,0.0,0,2017,03,20,19
35-45,Premium,0.0,0,2017,03,20,19
45-55,Normal,0.0,0,2017,03,20,19
45-55,Premium,0.0,0,2017,03,20,19
55-65,Normal,0.0,0,2017,03,20,19
55-65,Premium,0.0,0,2017,03,20,19
65+,Normal,0.0,0,2017,03,20,19
65+,Premium,0.0,0,2017,03,20,19
0-18,Normal,0.0,0,2017,03,20,00
0-18,Premium,0.0,0,2017,03,20,00
18-25,Normal,0.0,0,2017,03,20,00
18-25,Premium,0.0,0,2017,03,20,00
25-35,Normal,0.0,0,2017,03,20,00
25-35,Premium,0.0,0,2017,03,20,00
35-45,Normal,0.0,0,2017,03,20,00
35-45,Premium,0.0,0,2017,03,20,00
45-55,Normal,0.0,0,2017,03,20,00
45-55,Premium,0.0,0,2017,03,20,00
55-65,Normal,0.0,0,2017,03,20,00
55-65,Premium,0.0,0,2017,03,20,00
65+,Normal,0.0,0,2017,03,20,00
65+,Premium,0.0,0,2017,03,20,00
0-18,Normal,0.0,0,2017,03,20,07
0-18,Premium,0.0,0,2017,03,20,07
18-25,Normal,0.0,0,2017,03,20,07
18-25,Premium,0.0,0,2017,03,20,07
25-35,Normal,0.0,0,2017,03,20,07
25-35,Premium,0.0,0,2017,03,20,07
35-45,Normal,0.0,0,2017,03,20,07
35-45,Premium,0.0,0,2017,03,20,07
45-55,Normal,0.0,0,2017,03,20,07
45-55,Premium,0.0,0,2017,03,20,07
55-65,Normal,0.0,0,2017,03,20,07
55-65,Premium,0.0,0,2017,03,20,07
65+,Normal,0.0,0,2017,03,20,07
65+,Premium,0.0,0,2017,03,20,07
0-18,Normal,0.0,0,2017,03,20,09
0-18,Premium,0.0,0,2017,03,20,09
18-25,Normal,0.0,0,2017,03,20,09
18-25,Premium,0.0,0,2017,03,20,09
25-35,Normal,0.0,0,2017,03,20,09
25-35,Premium,0.0,0,2017,03,20,09
35-45,Normal,0.0,0,2017,03,20,09
35-45,Premium,0.0,0,2017,03,20,09
45-55,Normal,0.0,0,2017,03,20,09
45-55,Premium,0.0,0,2017,03,20,09
55-65,Normal,0.0,0,2017,03,20,09
55-65,Premium,0.0,0,2017,03,20,09
65+,Normal,0.0,0,2017,03,20,09
65+,Premium,0.0,0,2017,03,20,09
0-18,Normal,0.0,0,2017,03,20,08
0-18,Premium,0.0,0,2017,03,20,08
18-25,Normal,0.0,0,2017,03,20,08
18-25,Premium,0.0,0,2017,03,20,08
25-35,Normal,0.0,0,2017,03,20,08
25-35,Premium,0.0,0,2017,03,20,08
35-45,Normal,0.0,0,2017,03,20,08
35-45,Premium,0.0,0,2017,03,20,08
45-55,Normal,0.0,0,2017,03,20,08
45-55,Premium,0.0,0,2017,03,20,08
55-65,Normal,0.0,0,2017,03,20,08
55-65,Premium,0.0,0,2017,03,20,08
65+,Normal,0.0,0,2017,03,20,08
65+,Premium,0.0,0,2017,03,20,08
0-18,Normal,0.0,0,2017,03,20,06
0-18,Premium,0.0,0,2017,03,20,06
18-25,Normal,0.0,0,2017,03,20,06
18-25,Premium,0.0,0,2017,03,20,06
25-35,Normal,0.0,0,2017,03,20,06
25-35,Premium,0.0,0,2017,03,20,06
35-45,Normal,0.0,0,2017,03,20,06
35-45,Premium,0.0,0,2017,03,20,06
45-55,Normal,0.0,0,2017,03,20,06
45-55,Premium,0.0,0,2017,03,20,06
55-65,Normal,0.0,0,2017,03,20,06
55-65,Premium,0.0,0,2017,03,20,06
65+,Normal,0.0,0,2017,03,20,06
65+,Premium,0.0,0,2017,03,20,06
0-18,Normal,0.0,0,2017,03,20,01
0-18,Premium,0.0,0,2017,03,20,01
18-25,Normal,0.0,0,2017,03,20,01
18-25,Premium,0.0,0,2017,03,20,01
25-35,Normal,0.0,0,2017,03,20,01
25-35,Premium,0.0,0,2017,03,20,01
35-45,Normal,0.0,0,2017,03,20,01
35-45,Premium,0.0,0,2017,03,20,01
45-55,Normal,0.0,0,2017,03,20,01
45-55,Premium,0.0,0,2017,03,20,01
55-65,Normal,0.0,0,2017,03,20,01
55-65,Premium,0.0,0,2017,03,20,01
65+,Normal,0.0,0,2017,03,20,01
65+,Premium,0.0,0,2017,03,20,01
0-18,Normal,0.0,0,2017,03,20,23
0-18,Premium,0.0,0,2017,03,20,23
18-25,Normal,0.0,0,2017,03,20,23
18-25,Premium,0.0,0,2017,03,20,23
25-35,Normal,0.0,0,2017,03,20,23
25-35,Premium,0.0,0,2017,03,20,23
35-45,Normal,0.0,0,2017,03,20,23
35-45,Premium,0.0,0,2017,03,20,23
45-55,Normal,0.0,0,2017,03,20,23
45-55,Premium,0.0,0,2017,03,20,23
55-65,Normal,0.0,0,2017,03,20,23
55-65,Premium,0.0,0,2017,03,20,23
65+,Normal,0.0,0,2017,03,20,23
65+,Premium,0.0,0,2017,03,20,23
0-18,Normal,0.0,0,2017,03,20,12
0-18,Premium,0.0,0,2017,03,20,12
18-25,Normal,0.0,0,2017,03,20,12
18-25,Premium,0.0,0,2017,03,20,12
25-35,Normal,0.0,0,2017,03,20,12
25-35,Premium,0.0,0,2017,03,20,12
35-45,Normal,0.0,0,2017,03,20,12
35-45,Premium,0.0,0,2017,03,20,12
45-55,Normal,0.0,0,2017,03,20,12
45-55,Premium,0.0,0,2017,03,20,12
55-65,Normal,0.0,0,2017,03,20,12
55-65,Premium,0.0,0,2017,03,20,12
65+,Normal,0.0,0,2017,03,20,12
65+,Premium,0.0,0,2017,03,20,12
0-18,Normal,0.0,0,2017,03,20,15
0-18,Premium,0.0,0,2017,03,20,15
18-25,Normal,0.0,0,2017,03,20,15
18-25,Premium,0.0,0,2017,03,20,15
25-35,Normal,0.0,0,2017,03,20,15
25-35,Premium,0.0,0,2017,03,20,15
35-45,Normal,0.0,0,2017,03,20,15
35-45,Premium,0.0,0,2017,03,20,15
45-55,Normal,0.0,0,2017,03,20,15
45-55,Premium,0.0,0,2017,03,20,15
55-65,Normal,0.0,0,2017,03,20,15
55-65,Premium,0.0,0,2017,03,20,15
65+,Normal,0.0,0,2017,03,20,15
65+,Premium,0.0,0,2017,03,20,15
0-18,Normal,0.0,0,2017,03,20,14
0-18,Premium,0.0,0,2017,03,20,14
18-25,Normal,0.0,0,2017,03,20,14
18-25,Premium,0.0,0,2017,03,20,14
25-35,Normal,0.0,0,2017,03,20,14
25-35,Premium,0.0,0,2017,03,20,14
35-45,Normal,0.0,0,2017,03,20,14
35-45,Premium,0.0,0,2017,03,20,14
45-55,Normal,0.0,0,2017,03,20,14
45-55,Premium,0.0,0,2017,03,20,14
55-65,Normal,0.0,0,2017,03,20,14
55-65,Premium,0.0,0,2017,03,20,14
65+,Normal,0.0,0,2017,03,20,14
65+,Premium,0.0,0,2017,03,20,14
0-18,Normal,0.0,0,2017,03,20,13
0-18,Premium,0.0,0,2017,03,20,13
18-25,Normal,0.0,0,2017,03,20,13
18-25,Premium,0.0,0,2017,03,20,13
25-35,Normal,0.0,0,2017,03,20,13
25-35,Premium,0.0,0,2017,03,20,13
35-45,Normal,0.0,0,2017,03,20,13
35-45,Premium,0.0,0,2017,03,20,13
45-55,Normal,0.0,0,2017,03,20,13
45-55,Premium,0.0,0,2017,03,20,13
55-65,Normal,0.0,0,2017,03,20,13
55-65,Premium,0.0,0,2017,03,20,13
65+,Normal,0.0,0,2017,03,20,13
65+,Premium,0.0,0,2017,03,20,13
0-18,Normal,0.0,0,2017,03,20,22
0-18,Premium,0.0,0,2017,03,20,22
18-25,Normal,0.0,0,2017,03,20,22
18-25,Premium,0.0,0,2017,03,20,22
25-35,Normal,0.0,0,2017,03,20,22
25-35,Premium,0.0,0,2017,03,20,22
35-45,Normal,0.0,0,2017,03,20,22
35-45,Premium,0.0,0,2017,03,20,22
45-55,Normal,0.0,0,2017,03,20,22
45-55,Premium,0.0,0,2017,03,20,22
55-65,Normal,0.0,0,2017,03,20,22
55-65,Premium,0.0,0,2017,03,20,22
65+,Normal,0.0,0,2017,03,20,22
65+,Premium,0.0,0,2017,03,20,22
0-18,Normal,9909.07,7,2017,03,16,04
0-18,Premium,16324.04,38,2017,03,16,04
18-25,Normal,7566.05,35,2017,03,16,04
18-25,Premium,106257.58,282,2017,03,16,04
25-35,Normal,36370.47,57,2017,03,16,04
25-35,Premium,207434.55,424,2017,03,16,04
35-45,Normal,26901.75,65,2017,03,16,04
35-45,Premium,198397.16,418,2017,03,16,04
45-55,Normal,20916.11,57,2017,03,16,04
45-55,Premium,198006.87,393,2017,03,16,04
55-65,Normal,28657.35,66,2017,03,16,04
55-65,Premium,184211.21,374,2017,03,16,04
65+,Normal,13214.67,23,2017,03,16,04
65+,Premium,77287.84,171,2017,03,16,04
0-18,Normal,6265.58,11,2017,03,16,03
0-18,Premium,8311.09,14,2017,03,16,03
18-25,Normal,25168.99,35,2017,03,16,03
18-25,Premium,58431.09,108,2017,03,16,03
25-35,Normal,35444.14,69,2017,03,16,03
25-35,Premium,81174.97,168,2017,03,16,03
35-45,Normal,15297.16,57,2017,03,16,03
35-45,Premium,111366.65,190,2017,03,16,03
45-55,Normal,39024.34,67,2017,03,16,03
45-55,Premium,78191.33,175,2017,03,16,03
55-65,Normal,29428.989999999998,51,2017,03,16,03
55-65,Premium,89220.11,158,2017,03,16,03
65+,Normal,8387.44,16,2017,03,16,03
65+,Premium,23320.87,64,2017,03,16,03
0-18,Normal,2435.86,3,2017,03,16,02
0-18,Premium,4097.76,12,2017,03,16,02
18-25,Normal,15578.98,40,2017,03,16,02
18-25,Premium,46924.38,68,2017,03,16,02
25-35,Normal,26620.65,61,2017,03,16,02
25-35,Premium,32913.01,94,2017,03,16,02
35-45,Normal,24129.08,54,2017,03,16,02
35-45,Premium,37253.67,86,2017,03,16,02
45-55,Normal,23294.28,55,2017,03,16,02
45-55,Premium,45077.81,83,2017,03,16,02
55-65,Normal,33222.729999999996,77,2017,03,16,02
55-65,Premium,47234.22,95,2017,03,16,02
65+,Normal,8604.13,12,2017,03,16,02
65+,Premium,8022.15,34,2017,03,16,02
0-18,Normal,4058.8999999999996,8,2017,03,16,05
0-18,Premium,2621.0299999999997,9,2017,03,16,05
18-25,Normal,11268.7,33,2017,03,16,05
18-25,Premium,47286.69,96,2017,03,16,05
25-35,Normal,32328.77,66,2017,03,16,05
25-35,Premium,58767.9,138,2017,03,16,05
35-45,Normal,35627.24,71,2017,03,16,05
35-45,Premium,62989.62,142,2017,03,16,05
45-55,Normal,17971.7,48,2017,03,16,05
45-55,Premium,68998.03,132,2017,03,16,05
55-65,Normal,33721.64,60,2017,03,16,05
55-65,Premium,83418.49,139,2017,03,16,05
65+,Normal,11608.970000000001,20,2017,03,16,05
65+,Premium,25142.32,73,2017,03,16,05
0-18,Normal,7895.15,9,2017,03,16,18
0-18,Premium,2690.46,7,2017,03,16,18
18-25,Normal,19778.49,33,2017,03,16,18
18-25,Premium,11226.050000000001,34,2017,03,16,18
25-35,Normal,19432.22,56,2017,03,16,18
25-35,Premium,36662.94,60,2017,03,16,18
35-45,Normal,27446.99,67,2017,03,16,18
35-45,Premium,21925.34,51,2017,03,16,18
45-55,Normal,22629.07,52,2017,03,16,18
45-55,Premium,39473.85,61,2017,03,16,18
55-65,Normal,27352.13,60,2017,03,16,18
55-65,Premium,36436.48,64,2017,03,16,18
65+,Normal,10970.71,19,2017,03,16,18
65+,Premium,14386.96,29,2017,03,16,18
0-18,Normal,11884.16,8,2017,03,16,20
0-18,Premium,1983.23,7,2017,03,16,20
18-25,Normal,22590.07,42,2017,03,16,20
18-25,Premium,19118.75,50,2017,03,16,20
25-35,Normal,19096.88,56,2017,03,16,20
25-35,Premium,29573.52,71,2017,03,16,20
35-45,Normal,24740.29,46,2017,03,16,20
35-45,Premium,19551.829999999998,59,2017,03,16,20
45-55,Normal,25685.18,54,2017,03,16,20
45-55,Premium,24271.350000000002,66,2017,03,16,20
55-65,Normal,32141.67,71,2017,03,16,20
55-65,Premium,20558.48,61,2017,03,16,20
65+,Normal,11183.8,19,2017,03,16,20
65+,Premium,23493.95,33,2017,03,16,20
0-18,Normal,696.8299999999999,4,2017,03,16,16
0-18,Premium,6338.05,7,2017,03,16,16
18-25,Normal,26374.79,52,2017,03,16,16
18-25,Premium,33140.34,62,2017,03,16,16
25-35,Normal,18069.62,59,2017,03,16,16
25-35,Premium,40003.43,75,2017,03,16,16
35-45,Normal,25929.66,66,2017,03,16,16
35-45,Premium,50301.39,96,2017,03,16,16
45-55,Normal,32186.719999999998,50,2017,03,16,16
45-55,Premium,37971.06,90,2017,03,16,16
55-65,Normal,25490.16,49,2017,03,16,16
55-65,Premium,38376.299999999996,100,2017,03,16,16
65+,Normal,10857.79,16,2017,03,16,16
65+,Premium,14613.87,44,2017,03,16,16
0-18,Normal,4067.8700000000003,8,2017,03,16,11
0-18,Premium,5584.0599999999995,9,2017,03,16,11
18-25,Normal,18422.93,53,2017,03,16,11
18-25,Premium,35657.71,66,2017,03,16,11
25-35,Normal,31047.61,65,2017,03,16,11
25-35,Premium,43787.47,84,2017,03,16,11
35-45,Normal,45186.700000000004,81,2017,03,16,11
35-45,Premium,38232.32,101,2017,03,16,11
45-55,Normal,52416.86,80,2017,03,16,11
45-55,Premium,46040.94,114,2017,03,16,11
55-65,Normal,33743.64,58,2017,03,16,11
55-65,Premium,30819.36,81,2017,03,16,11
65+,Normal,15570.06,25,2017,03,16,11
65+,Premium,19701.66,35,2017,03,16,11
0-18,Normal,346.66,3,2017,03,16,10
0-18,Premium,6814.24,10,2017,03,16,10
18-25,Normal,23432.7,56,2017,03,16,10
18-25,Premium,33726.11,65,2017,03,16,10
25-35,Normal,26753.39,52,2017,03,16,10
25-35,Premium,56060.24,101,2017,03,16,10
35-45,Normal,31738.96,58,2017,03,16,10
35-45,Premium,54245.83,87,2017,03,16,10
45-55,Normal,38612.74,67,2017,03,16,10
45-55,Premium,39640.72,111,2017,03,16,10
55-65,Normal,26133.04,60,2017,03,16,10
55-65,Premium,45623.32,95,2017,03,16,10
65+,Normal,4958.860000000001,16,2017,03,16,10
65+,Premium,15100.720000000001,43,2017,03,16,10
0-18,Normal,2631.7200000000003,3,2017,03,16,17
0-18,Premium,7202.0,7,2017,03,16,17
18-25,Normal,31004.59,49,2017,03,16,17
18-25,Premium,28448.08,43,2017,03,16,17
25-35,Normal,23263.99,43,2017,03,16,17
25-35,Premium,17760.5,52,2017,03,16,17
35-45,Normal,40919.36,54,2017,03,16,17
35-45,Premium,12057.49,43,2017,03,16,17
45-55,Normal,32616.61,68,2017,03,16,17
45-55,Premium,35968.68,64,2017,03,16,17
55-65,Normal,28036.73,50,2017,03,16,17
55-65,Premium,25673.7,48,2017,03,16,17
65+,Normal,18051.239999999998,29,2017,03,16,17
65+,Premium,7895.62,18,2017,03,16,17
0-18,Normal,4048.58,11,2017,03,16,21
0-18,Premium,2320.37,6,2017,03,16,21
18-25,Normal,21048.27,39,2017,03,16,21
18-25,Premium,17827.079999999998,41,2017,03,16,21
25-35,Normal,32464.62,59,2017,03,16,21
25-35,Premium,50008.14,59,2017,03,16,21
35-45,Normal,23802.97,56,2017,03,16,21
35-45,Premium,16040.39,38,2017,03,16,21
45-55,Normal,20106.85,54,2017,03,16,21
45-55,Premium,26984.8,60,2017,03,16,21
55-65,Normal,26275.81,58,2017,03,16,21
55-65,Premium,21884.63,45,2017,03,16,21
65+,Normal,18230.09,19,2017,03,16,21
65+,Premium,8708.45,19,2017,03,16,21
0-18,Normal,2580.7,4,2017,03,16,19
0-18,Premium,5936.69,8,2017,03,16,19
18-25,Normal,42280.55,56,2017,03,16,19
18-25,Premium,23587.97,50,2017,03,16,19
25-35,Normal,35181.28,64,2017,03,16,19
25-35,Premium,22531.010000000002,51,2017,03,16,19
35-45,Normal,22253.26,55,2017,03,16,19
35-45,Premium,43036.049999999996,64,2017,03,16,19
45-55,Normal,15705.46,45,2017,03,16,19
45-55,Premium,32235.3,69,2017,03,16,19
55-65,Normal,21341.22,46,2017,03,16,19
55-65,Premium,35201.88,58,2017,03,16,19
65+,Normal,11177.01,26,2017,03,16,19
65+,Premium,9205.85,19,2017,03,16,19
0-18,Normal,6394.139999999999,5,2017,03,16,00
0-18,Premium,81.32,1,2017,03,16,00
18-25,Normal,15409.87,40,2017,03,16,00
18-25,Premium,22808.75,46,2017,03,16,00
25-35,Normal,32916.01,67,2017,03,16,00
25-35,Premium,29203.89,63,2017,03,16,00
35-45,Normal,21155.75,53,2017,03,16,00
35-45,Premium,32334.72,67,2017,03,16,00
45-55,Normal,19841.79,55,2017,03,16,00
45-55,Premium,29422.28,67,2017,03,16,00
55-65,Normal,41369.49,56,2017,03,16,00
55-65,Premium,27615.57,55,2017,03,16,00
65+,Normal,8002.9,28,2017,03,16,00
65+,Premium,20786.11,35,2017,03,16,00
0-18,Normal,3749.09,9,2017,03,16,07
0-18,Premium,7041.55,9,2017,03,16,07
18-25,Normal,28376.55,47,2017,03,16,07
18-25,Premium,12073.08,46,2017,03,16,07
25-35,Normal,35224.92,64,2017,03,16,07
25-35,Premium,31606.31,76,2017,03,16,07
35-45,Normal,34183.59,59,2017,03,16,07
35-45,Premium,29904.510000000002,70,2017,03,16,07
45-55,Normal,21005.65,67,2017,03,16,07
45-55,Premium,23913.670000000002,59,2017,03,16,07
55-65,Normal,25707.059999999998,60,2017,03,16,07
55-65,Premium,23435.37,64,2017,03,16,07
65+,Normal,14041.82,28,2017,03,16,07
65+,Premium,7834.7300000000005,26,2017,03,16,07
0-18,Normal,5.23,1,2017,03,16,09
0-18,Premium,294.06,6,2017,03,16,09
18-25,Normal,21610.420000000002,40,2017,03,16,09
18-25,Premium,17744.53,48,2017,03,16,09
25-35,Normal,31015.14,78,2017,03,16,09
25-35,Premium,52623.24,89,2017,03,16,09
35-45,Normal,26764.8,62,2017,03,16,09
35-45,Premium,50509.36,90,2017,03,16,09
45-55,Normal,30399.19,56,2017,03,16,09
45-55,Premium,60790.65,70,2017,03,16,09
55-65,Normal,38840.06,60,2017,03,16,09
55-65,Premium,32519.010000000002,84,2017,03,16,09
65+,Normal,7933.9,29,2017,03,16,09
65+,Premium,24502.29,40,2017,03,16,09
0-18,Normal,5051.530000000001,6,2017,03,16,08
0-18,Premium,2183.06,5,2017,03,16,08
18-25,Normal,20953.9,38,2017,03,16,08
18-25,Premium,16149.71,28,2017,03,16,08
25-35,Normal,21511.58,51,2017,03,16,08
25-35,Premium,24353.62,57,2017,03,16,08
35-45,Normal,20870.86,56,2017,03,16,08
35-45,Premium,29264.04,61,2017,03,16,08
45-55,Normal,25139.89,47,2017,03,16,08
45-55,Premium,29295.3,64,2017,03,16,08
55-65,Normal,19371.32,58,2017,03,16,08
55-65,Premium,27922.86,49,2017,03,16,08
65+,Normal,5311.19,18,2017,03,16,08
65+,Premium,13364.27,31,2017,03,16,08
0-18,Normal,1453.91,5,2017,03,16,06
0-18,Premium,5478.44,14,2017,03,16,06
18-25,Normal,13548.44,41,2017,03,16,06
18-25,Premium,26866.61,59,2017,03,16,06
25-35,Normal,29191.12,52,2017,03,16,06
25-35,Premium,51823.0,112,2017,03,16,06
35-45,Normal,29184.79,67,2017,03,16,06
35-45,Premium,57804.6,123,2017,03,16,06
45-55,Normal,22220.63,58,2017,03,16,06
45-55,Premium,54080.78,98,2017,03,16,06
55-65,Normal,22570.17,53,2017,03,16,06
55-65,Premium,54635.11,109,2017,03,16,06
65+,Normal,7518.5,28,2017,03,16,06
65+,Premium,19065.98,41,2017,03,16,06
0-18,Normal,743.52,2,2017,03,16,01
0-18,Premium,3950.2499999999995,15,2017,03,16,01
18-25,Normal,9024.35,39,2017,03,16,01
18-25,Premium,31779.510000000002,66,2017,03,16,01
25-35,Normal,34128.93,75,2017,03,16,01
25-35,Premium,36081.75,116,2017,03,16,01
35-45,Normal,23298.190000000002,48,2017,03,16,01
35-45,Premium,53458.34,116,2017,03,16,01
45-55,Normal,21110.99,62,2017,03,16,01
45-55,Premium,56790.61,102,2017,03,16,01
55-65,Normal,26013.32,57,2017,03,16,01
55-65,Premium,54566.88,112,2017,03,16,01
65+,Normal,12432.380000000001,19,2017,03,16,01
65+,Premium,18186.78,45,2017,03,16,01
0-18,Normal,4700.0,12,2017,03,16,23
0-18,Premium,7229.0,12,2017,03,16,23
18-25,Normal,12889.33,32,2017,03,16,23
18-25,Premium,54899.75,84,2017,03,16,23
25-35,Normal,22753.11,51,2017,03,16,23
25-35,Premium,49362.37,96,2017,03,16,23
35-45,Normal,17844.45,48,2017,03,16,23
35-45,Premium,43825.85,121,2017,03,16,23
45-55,Normal,39472.08,64,2017,03,16,23
45-55,Premium,47852.22,109,2017,03,16,23
55-65,Normal,35329.27,53,2017,03,16,23
55-65,Premium,52771.76,100,2017,03,16,23
65+,Normal,20465.53,36,2017,03,16,23
65+,Premium,12871.98,41,2017,03,16,23
0-18,Normal,3374.3399999999997,7,2017,03,16,12
0-18,Premium,4880.57,8,2017,03,16,12
18-25,Normal,12232.15,33,2017,03,16,12
18-25,Premium,33886.51,62,2017,03,16,12
25-35,Normal,20933.05,57,2017,03,16,12
25-35,Premium,38306.0,98,2017,03,16,12
35-45,Normal,26787.04,54,2017,03,16,12
35-45,Premium,41471.14,98,2017,03,16,12
45-55,Normal,24939.71,60,2017,03,16,12
45-55,Premium,36368.54,94,2017,03,16,12
55-65,Normal,34952.02,67,2017,03,16,12
55-65,Premium,54557.36,93,2017,03,16,12
65+,Normal,7206.69,18,2017,03,16,12
65+,Premium,24087.46,42,2017,03,16,12
0-18,Normal,3512.93,10,2017,03,16,15
0-18,Premium,1623.61,9,2017,03,16,15
18-25,Normal,19973.63,44,2017,03,16,15
18-25,Premium,31171.989999999998,78,2017,03,16,15
25-35,Normal,17183.4,46,2017,03,16,15
25-35,Premium,45076.03,103,2017,03,16,15
35-45,Normal,31426.84,57,2017,03,16,15
35-45,Premium,52805.44,89,2017,03,16,15
45-55,Normal,29265.079999999998,50,2017,03,16,15
45-55,Premium,49969.7,107,2017,03,16,15
55-65,Normal,40550.01,70,2017,03,16,15
55-65,Premium,51268.05,91,2017,03,16,15
65+,Normal,9000.49,19,2017,03,16,15
65+,Premium,24427.420000000002,55,2017,03,16,15
0-18,Normal,2512.26,5,2017,03,16,14
0-18,Premium,779.3599999999999,2,2017,03,16,14
18-25,Normal,28619.88,53,2017,03,16,14
18-25,Premium,18816.75,45,2017,03,16,14
25-35,Normal,22058.65,60,2017,03,16,14
25-35,Premium,39649.13,80,2017,03,16,14
35-45,Normal,24195.079999999998,59,2017,03,16,14
35-45,Premium,23663.19,50,2017,03,16,14
45-55,Normal,28289.02,58,2017,03,16,14
45-55,Premium,30496.739999999998,74,2017,03,16,14
55-65,Normal,39224.57,71,2017,03,16,14
55-65,Premium,37079.93,74,2017,03,16,14
65+,Normal,10859.02,20,2017,03,16,14
65+,Premium,9030.26,18,2017,03,16,14
0-18,Normal,3004.42,8,2017,03,16,13
0-18,Premium,361.53000000000003,6,2017,03,16,13
18-25,Normal,17776.4,48,2017,03,16,13
18-25,Premium,19338.3,45,2017,03,16,13
25-35,Normal,38075.909999999996,62,2017,03,16,13
25-35,Premium,25687.83,72,2017,03,16,13
35-45,Normal,23330.22,77,2017,03,16,13
35-45,Premium,34832.26,75,2017,03,16,13
45-55,Normal,24464.739999999998,70,2017,03,16,13
45-55,Premium,41320.75,82,2017,03,16,13
55-65,Normal,37627.17,69,2017,03,16,13
55-65,Premium,44733.25,84,2017,03,16,13
65+,Normal,9044.54,26,2017,03,16,13
65+,Premium,9432.22,29,2017,03,16,13
0-18,Normal,2067.23,5,2017,03,16,22
0-18,Premium,2552.95,6,2017,03,16,22
18-25,Normal,12030.78,30,2017,03,16,22
18-25,Premium,38330.340000000004,76,2017,03,16,22
25-35,Normal,26293.93,63,2017,03,16,22
25-35,Premium,23757.41,75,2017,03,16,22
35-45,Normal,30841.46,53,2017,03,16,22
35-45,Premium,54846.1,105,2017,03,16,22
45-55,Normal,23073.75,56,2017,03,16,22
45-55,Premium,35512.59,85,2017,03,16,22
55-65,Normal,25362.77,69,2017,03,16,22
55-65,Premium,38936.1,76,2017,03,16,22
65+,Normal,13399.1,24,2017,03,16,22
65+,Premium,12331.69,33,2017,03,16,22
0-18,Normal,1816.04,6,2017,03,17,04
0-18,Premium,727.78,5,2017,03,17,04
18-25,Normal,21324.85,44,2017,03,17,04
18-25,Premium,10706.59,44,2017,03,17,04
25-35,Normal,23771.68,54,2017,03,17,04
25-35,Premium,38447.93,69,2017,03,17,04
35-45,Normal,26038.84,69,2017,03,17,04
35-45,Premium,29905.05,68,2017,03,17,04
45-55,Normal,26082.3,53,2017,03,17,04
45-55,Premium,19956.32,59,2017,03,17,04
55-65,Normal,27609.670000000002,49,2017,03,17,04
55-65,Premium,32334.07,69,2017,03,17,04
65+,Normal,13391.82,21,2017,03,17,04
65+,Premium,11020.7,26,2017,03,17,04
0-18,Normal,3225.94,4,2017,03,17,03
0-18,Premium,9344.21,30,2017,03,17,03
18-25,Normal,21295.39,41,2017,03,17,03
18-25,Premium,69268.58,160,2017,03,17,03
25-35,Normal,30016.16,54,2017,03,17,03
25-35,Premium,114484.91,203,2017,03,17,03
35-45,Normal,28389.81,63,2017,03,17,03
35-45,Premium,106805.1,239,2017,03,17,03
45-55,Normal,33717.18,65,2017,03,17,03
45-55,Premium,102139.24,226,2017,03,17,03
55-65,Normal,23108.57,48,2017,03,17,03
55-65,Premium,115936.15,234,2017,03,17,03
65+,Normal,11737.539999999999,21,2017,03,17,03
65+,Premium,32729.13,87,2017,03,17,03
0-18,Normal,218.99,4,2017,03,17,02
0-18,Premium,12200.51,13,2017,03,17,02
18-25,Normal,19355.77,32,2017,03,17,02
18-25,Premium,87576.03,126,2017,03,17,02
25-35,Normal,27865.59,51,2017,03,17,02
25-35,Premium,85302.86,179,2017,03,17,02
35-45,Normal,25000.579999999998,56,2017,03,17,02
35-45,Premium,68905.51,144,2017,03,17,02
45-55,Normal,33791.0,64,2017,03,17,02
45-55,Premium,100412.07,161,2017,03,17,02
55-65,Normal,38987.26,57,2017,03,17,02
55-65,Premium,69768.54,148,2017,03,17,02
65+,Normal,16995.18,32,2017,03,17,02
65+,Premium,19650.84,47,2017,03,17,02
0-18,Normal,1272.01,3,2017,03,17,05
0-18,Premium,9690.630000000001,13,2017,03,17,05
18-25,Normal,30851.53,45,2017,03,17,05
18-25,Premium,50904.74,101,2017,03,17,05
25-35,Normal,30851.5,66,2017,03,17,05
25-35,Premium,58530.78,104,2017,03,17,05
35-45,Normal,21957.97,45,2017,03,17,05
35-45,Premium,79709.86,137,2017,03,17,05
45-55,Normal,41675.13,75,2017,03,17,05
45-55,Premium,64950.270000000004,136,2017,03,17,05
55-65,Normal,18160.73,45,2017,03,17,05
55-65,Premium,67607.89,133,2017,03,17,05
65+,Normal,5573.55,17,2017,03,17,05
65+,Premium,29873.0,49,2017,03,17,05
0-18,Normal,636.01,3,2017,03,17,18
0-18,Premium,6450.58,11,2017,03,17,18
18-25,Normal,20682.57,34,2017,03,17,18
18-25,Premium,68020.17,130,2017,03,17,18
25-35,Normal,21487.1,62,2017,03,17,18
25-35,Premium,77747.73,172,2017,03,17,18
35-45,Normal,35261.42,68,2017,03,17,18
35-45,Premium,71221.98,168,2017,03,17,18
45-55,Normal,21423.61,58,2017,03,17,18
45-55,Premium,58345.72,142,2017,03,17,18
55-65,Normal,26209.06,52,2017,03,17,18
55-65,Premium,85221.12,155,2017,03,17,18
65+,Normal,13376.32,25,2017,03,17,18
65+,Premium,19720.38,48,2017,03,17,18
0-18,Normal,553.94,5,2017,03,17,20
0-18,Premium,3509.8,11,2017,03,17,20
18-25,Normal,19323.748,45,2017,03,17,20
18-25,Premium,35434.763,83,2017,03,17,20
25-35,Normal,19967.456000000002,57,2017,03,17,20
25-35,Premium,53327.834,143,2017,03,17,20
35-45,Normal,18501.987,60,2017,03,17,20
35-45,Premium,50158.594,110,2017,03,17,20
45-55,Normal,17695.572,54,2017,03,17,20
45-55,Premium,58852.896,152,2017,03,17,20
55-65,Normal,26539.95,58,2017,03,17,20
55-65,Premium,46983.7642,128,2017,03,17,20
65+,Normal,9409.74,19,2017,03,17,20
65+,Premium,14312.966,46,2017,03,17,20
0-18,Normal,1044.9,5,2017,03,17,16
0-18,Premium,3906.31,3,2017,03,17,16
18-25,Normal,26277.38,48,2017,03,17,16
18-25,Premium,24120.9,46,2017,03,17,16
25-35,Normal,36438.59,56,2017,03,17,16
25-35,Premium,57984.590000000004,80,2017,03,17,16
35-45,Normal,30735.510000000002,61,2017,03,17,16
35-45,Premium,21302.1,64,2017,03,17,16
45-55,Normal,25480.51,55,2017,03,17,16
45-55,Premium,44340.62,68,2017,03,17,16
55-65,Normal,25988.22,49,2017,03,17,16
55-65,Premium,30142.98,69,2017,03,17,16
65+,Normal,11694.1,24,2017,03,17,16
65+,Premium,7867.17,32,2017,03,17,16
0-18,Normal,905.47,2,2017,03,17,11
0-18,Premium,6799.469999999999,9,2017,03,17,11
18-25,Normal,11045.23,45,2017,03,17,11
18-25,Premium,23411.83,51,2017,03,17,11
25-35,Normal,24483.899999999998,60,2017,03,17,11
25-35,Premium,37141.22,71,2017,03,17,11
35-45,Normal,30769.86,49,2017,03,17,11
35-45,Premium,35096.24,75,2017,03,17,11
45-55,Normal,32278.93,58,2017,03,17,11
45-55,Premium,28831.0,55,2017,03,17,11
55-65,Normal,36304.02,71,2017,03,17,11
55-65,Premium,49545.26,91,2017,03,17,11
65+,Normal,9951.91,19,2017,03,17,11
65+,Premium,17756.04,27,2017,03,17,11
0-18,Normal,2100.56,4,2017,03,17,10
0-18,Premium,3901.04,3,2017,03,17,10
18-25,Normal,19603.34,34,2017,03,17,10
18-25,Premium,13850.4,34,2017,03,17,10
25-35,Normal,32139.85,58,2017,03,17,10
25-35,Premium,24534.49,34,2017,03,17,10
35-45,Normal,21186.52,49,2017,03,17,10
35-45,Premium,19122.75,50,2017,03,17,10
45-55,Normal,25176.22,58,2017,03,17,10
45-55,Premium,5801.9,22,2017,03,17,10
55-65,Normal,36202.53,70,2017,03,17,10
55-65,Premium,8954.9,27,2017,03,17,10
65+,Normal,19496.49,25,2017,03,17,10
65+,Premium,5138.49,12,2017,03,17,10
0-18,Normal,1260.6100000000001,5,2017,03,17,17
0-18,Premium,121.98,1,2017,03,17,17
18-25,Normal,20372.7,30,2017,03,17,17
18-25,Premium,36187.15,70,2017,03,17,17
25-35,Normal,23378.52,56,2017,03,17,17
25-35,Premium,51669.46,99,2017,03,17,17
35-45,Normal,32528.46,70,2017,03,17,17
35-45,Premium,32154.17,70,2017,03,17,17
45-55,Normal,23546.0,52,2017,03,17,17
45-55,Premium,30454.01,81,2017,03,17,17
55-65,Normal,23251.82,62,2017,03,17,17
55-65,Premium,32422.350000000002,80,2017,03,17,17
65+,Normal,6950.99,25,2017,03,17,17
65+,Premium,11673.890000000001,29,2017,03,17,17
0-18,Normal,210.512,3,2017,03,17,21
0-18,Premium,2159.7560000000003,11,2017,03,17,21
18-25,Normal,7473.877,42,2017,03,17,21
18-25,Premium,21124.0078,112,2017,03,17,21
25-35,Normal,8059.39,54,2017,03,17,21
25-35,Premium,28507.363,171,2017,03,17,21
35-45,Normal,11323.283,63,2017,03,17,21
35-45,Premium,35125.4076,169,2017,03,17,21
45-55,Normal,13501.355,65,2017,03,17,21
45-55,Premium,36767.2368,169,2017,03,17,21
55-65,Normal,10564.854000000001,47,2017,03,17,21
55-65,Premium,33452.3845,183,2017,03,17,21
65+,Normal,9377.0455,24,2017,03,17,21
65+,Premium,16635.186999999998,66,2017,03,17,21
0-18,Normal,5.23,3,2017,03,17,19
0-18,Premium,5241.74,15,2017,03,17,19
18-25,Normal,12664.23,46,2017,03,17,19
18-25,Premium,44338.07,102,2017,03,17,19
25-35,Normal,29629.62,53,2017,03,17,19
25-35,Premium,62496.54,153,2017,03,17,19
35-45,Normal,21502.32,50,2017,03,17,19
35-45,Premium,65701.24,167,2017,03,17,19
45-55,Normal,35498.87,59,2017,03,17,19
45-55,Premium,69360.73,127,2017,03,17,19
55-65,Normal,32354.579999999998,60,2017,03,17,19
55-65,Premium,60934.9,132,2017,03,17,19
65+,Normal,16372.15,31,2017,03,17,19
65+,Premium,29690.42,69,2017,03,17,19
0-18,Normal,2747.02,7,2017,03,17,00
0-18,Premium,411.39,6,2017,03,17,00
18-25,Normal,39876.2,44,2017,03,17,00
18-25,Premium,19888.07,55,2017,03,17,00
25-35,Normal,36595.17,55,2017,03,17,00
25-35,Premium,33185.22,80,2017,03,17,00
35-45,Normal,23129.45,62,2017,03,17,00
35-45,Premium,39508.96,85,2017,03,17,00
45-55,Normal,30659.93,59,2017,03,17,00
45-55,Premium,50114.89,87,2017,03,17,00
55-65,Normal,24673.32,49,2017,03,17,00
55-65,Premium,55275.94,99,2017,03,17,00
65+,Normal,10498.99,20,2017,03,17,00
65+,Premium,16310.71,32,2017,03,17,00
0-18,Normal,784.9,6,2017,03,17,07
0-18,Premium,6561.37,8,2017,03,17,07
18-25,Normal,26436.99,49,2017,03,17,07
18-25,Premium,16950.0,60,2017,03,17,07
25-35,Normal,25038.6,48,2017,03,17,07
25-35,Premium,26019.66,48,2017,03,17,07
35-45,Normal,46370.67,69,2017,03,17,07
35-45,Premium,26098.38,75,2017,03,17,07
45-55,Normal,19120.32,51,2017,03,17,07
45-55,Premium,35865.98,63,2017,03,17,07
55-65,Normal,26889.51,55,2017,03,17,07
55-65,Premium,32746.04,65,2017,03,17,07
65+,Normal,6431.39,18,2017,03,17,07
65+,Premium,16619.629999999997,27,2017,03,17,07
0-18,Normal,337.01,4,2017,03,17,09
0-18,Premium,1012.5799999999999,4,2017,03,17,09
18-25,Normal,13719.41,36,2017,03,17,09
18-25,Premium,11559.65,32,2017,03,17,09
25-35,Normal,19196.97,54,2017,03,17,09
25-35,Premium,18371.69,30,2017,03,17,09
35-45,Normal,26797.17,58,2017,03,17,09
35-45,Premium,26102.15,43,2017,03,17,09
45-55,Normal,32815.12,60,2017,03,17,09
45-55,Premium,18576.09,39,2017,03,17,09
55-65,Normal,37890.76,65,2017,03,17,09
55-65,Premium,9559.16,33,2017,03,17,09
65+,Normal,12744.06,19,2017,03,17,09
65+,Premium,8726.06,15,2017,03,17,09
0-18,Normal,1087.84,8,2017,03,17,08
0-18,Premium,2100.0,2,2017,03,17,08
18-25,Normal,28916.6,43,2017,03,17,08
18-25,Premium,19185.57,32,2017,03,17,08
25-35,Normal,27111.52,55,2017,03,17,08
25-35,Premium,17513.44,45,2017,03,17,08
35-45,Normal,26335.6,57,2017,03,17,08
35-45,Premium,23045.3,48,2017,03,17,08
45-55,Normal,29605.78,55,2017,03,17,08
45-55,Premium,21644.11,43,2017,03,17,08
55-65,Normal,31631.96,51,2017,03,17,08
55-65,Premium,15704.68,35,2017,03,17,08
65+,Normal,19442.86,27,2017,03,17,08
65+,Premium,10222.82,23,2017,03,17,08
0-18,Normal,4336.4800000000005,7,2017,03,17,06
0-18,Premium,2309.9,12,2017,03,17,06
18-25,Normal,21069.57,40,2017,03,17,06
18-25,Premium,35114.409999999996,70,2017,03,17,06
25-35,Normal,25947.03,57,2017,03,17,06
25-35,Premium,32232.36,77,2017,03,17,06
35-45,Normal,33373.38,58,2017,03,17,06
35-45,Premium,62953.89,107,2017,03,17,06
45-55,Normal,24294.45,55,2017,03,17,06
45-55,Premium,47981.26,90,2017,03,17,06
55-65,Normal,42808.88,55,2017,03,17,06
55-65,Premium,39503.979999999996,73,2017,03,17,06
65+,Normal,3237.15,24,2017,03,17,06
65+,Premium,15166.14,35,2017,03,17,06
0-18,Normal,905.47,3,2017,03,17,01
0-18,Premium,6792.55,14,2017,03,17,01
18-25,Normal,11076.460000000001,38,2017,03,17,01
18-25,Premium,57930.33,120,2017,03,17,01
25-35,Normal,32393.33,63,2017,03,17,01
25-35,Premium,82143.48,181,2017,03,17,01
35-45,Normal,41892.35,62,2017,03,17,01
35-45,Premium,83649.07,172,2017,03,17,01
45-55,Normal,36181.5,55,2017,03,17,01
45-55,Premium,73640.38,157,2017,03,17,01
55-65,Normal,30958.989999999998,46,2017,03,17,01
55-65,Premium,88648.35,189,2017,03,17,01
65+,Normal,18186.02,29,2017,03,17,01
65+,Premium,43710.36,72,2017,03,17,01
0-18,Normal,767.466,3,2017,03,17,23
0-18,Premium,3392.66,13,2017,03,17,23
18-25,Normal,5676.576,41,2017,03,17,23
18-25,Premium,21177.712,101,2017,03,17,23
25-35,Normal,8931.671,52,2017,03,17,23
25-35,Premium,25142.551,122,2017,03,17,23
35-45,Normal,10442.6866,68,2017,03,17,23
35-45,Premium,24524.1738,124,2017,03,17,23
45-55,Normal,15286.392,63,2017,03,17,23
45-55,Premium,21179.979,139,2017,03,17,23
55-65,Normal,5038.428,44,2017,03,17,23
55-65,Premium,25295.654,132,2017,03,17,23
65+,Normal,6315.84,25,2017,03,17,23
65+,Premium,6304.34,42,2017,03,17,23
0-18,Normal,2908.69,6,2017,03,17,12
0-18,Premium,417.59,5,2017,03,17,12
18-25,Normal,14967.63,36,2017,03,17,12
18-25,Premium,21602.46,45,2017,03,17,12
25-35,Normal,29001.89,56,2017,03,17,12
25-35,Premium,21698.15,62,2017,03,17,12
35-45,Normal,28451.7,73,2017,03,17,12
35-45,Premium,19335.17,61,2017,03,17,12
45-55,Normal,13030.51,43,2017,03,17,12
45-55,Premium,30063.15,75,2017,03,17,12
55-65,Normal,36862.43,61,2017,03,17,12
55-65,Premium,36884.28,57,2017,03,17,12
65+,Normal,17278.670000000002,21,2017,03,17,12
65+,Premium,15217.51,29,2017,03,17,12
0-18,Normal,2556.92,7,2017,03,17,15
0-18,Premium,234.32,3,2017,03,17,15
18-25,Normal,23268.89,40,2017,03,17,15
18-25,Premium,15498.970000000001,29,2017,03,17,15
25-35,Normal,27778.09,56,2017,03,17,15
25-35,Premium,24362.45,36,2017,03,17,15
35-45,Normal,31392.84,49,2017,03,17,15
35-45,Premium,20662.42,43,2017,03,17,15
45-55,Normal,25491.760000000002,52,2017,03,17,15
45-55,Premium,11219.36,39,2017,03,17,15
55-65,Normal,28883.43,58,2017,03,17,15
55-65,Premium,23683.46,43,2017,03,17,15
65+,Normal,12279.1,36,2017,03,17,15
65+,Premium,9295.43,15,2017,03,17,15
0-18,Normal,3209.94,7,2017,03,17,14
0-18,Premium,1901.74,5,2017,03,17,14
18-25,Normal,18760.47,37,2017,03,17,14
18-25,Premium,21418.85,45,2017,03,17,14
25-35,Normal,23027.23,56,2017,03,17,14
25-35,Premium,25255.98,60,2017,03,17,14
35-45,Normal,42522.14,65,2017,03,17,14
35-45,Premium,43943.94,63,2017,03,17,14
45-55,Normal,29151.329999999998,56,2017,03,17,14
45-55,Premium,38166.15,60,2017,03,17,14
55-65,Normal,19484.6,58,2017,03,17,14
55-65,Premium,33735.119999999995,57,2017,03,17,14
65+,Normal,9021.26,19,2017,03,17,14
65+,Premium,10142.65,28,2017,03,17,14
0-18,Normal,1851.84,8,2017,03,17,13
0-18,Premium,2100.02,9,2017,03,17,13
18-25,Normal,20730.22,35,2017,03,17,13
18-25,Premium,44411.56,57,2017,03,17,13
25-35,Normal,31339.19,49,2017,03,17,13
25-35,Premium,33372.4,83,2017,03,17,13
35-45,Normal,41123.13,64,2017,03,17,13
35-45,Premium,46361.21,63,2017,03,17,13
45-55,Normal,36843.69,63,2017,03,17,13
45-55,Premium,33376.89,67,2017,03,17,13
55-65,Normal,17492.21,57,2017,03,17,13
55-65,Premium,29466.52,64,2017,03,17,13
65+,Normal,7661.44,20,2017,03,17,13
65+,Premium,10481.16,19,2017,03,17,13
0-18,Normal,1354.9260000000002,3,2017,03,17,22
0-18,Premium,1257.223,12,2017,03,17,22
18-25,Normal,9661.21,52,2017,03,17,22
18-25,Premium,17782.165,93,2017,03,17,22
25-35,Normal,10492.248,54,2017,03,17,22
25-35,Premium,30917.639,134,2017,03,17,22
35-45,Normal,6466.196,57,2017,03,17,22
35-45,Premium,22270.648,116,2017,03,17,22
45-55,Normal,11693.239,64,2017,03,17,22
45-55,Premium,26898.704999999998,122,2017,03,17,22
55-65,Normal,8813.3765,52,2017,03,17,22
55-65,Premium,26039.3658,118,2017,03,17,22
65+,Normal,2132.37,16,2017,03,17,22
65+,Premium,11894.9795,52,2017,03,17,22
0-18,Normal,0.0,0,2017,03,21,04
0-18,Premium,0.0,0,2017,03,21,04
18-25,Normal,0.0,0,2017,03,21,04
18-25,Premium,0.0,0,2017,03,21,04
25-35,Normal,0.0,0,2017,03,21,04
25-35,Premium,0.0,0,2017,03,21,04
35-45,Normal,0.0,0,2017,03,21,04
35-45,Premium,0.0,0,2017,03,21,04
45-55,Normal,0.0,0,2017,03,21,04
45-55,Premium,0.0,0,2017,03,21,04
55-65,Normal,0.0,0,2017,03,21,04
55-65,Premium,0.0,0,2017,03,21,04
65+,Normal,0.0,0,2017,03,21,04
65+,Premium,0.0,0,2017,03,21,04
0-18,Normal,0.0,0,2017,03,21,03
0-18,Premium,0.0,0,2017,03,21,03
18-25,Normal,0.0,0,2017,03,21,03
18-25,Premium,0.0,0,2017,03,21,03
25-35,Normal,0.0,0,2017,03,21,03
25-35,Premium,0.0,0,2017,03,21,03
35-45,Normal,0.0,0,2017,03,21,03
35-45,Premium,0.0,0,2017,03,21,03
45-55,Normal,0.0,0,2017,03,21,03
45-55,Premium,0.0,0,2017,03,21,03
55-65,Normal,0.0,0,2017,03,21,03
55-65,Premium,0.0,0,2017,03,21,03
65+,Normal,0.0,0,2017,03,21,03
65+,Premium,0.0,0,2017,03,21,03
0-18,Normal,0.0,0,2017,03,21,02
0-18,Premium,0.0,0,2017,03,21,02
18-25,Normal,0.0,0,2017,03,21,02
18-25,Premium,0.0,0,2017,03,21,02
25-35,Normal,0.0,0,2017,03,21,02
25-35,Premium,0.0,0,2017,03,21,02
35-45,Normal,0.0,0,2017,03,21,02
35-45,Premium,0.0,0,2017,03,21,02
45-55,Normal,0.0,0,2017,03,21,02
45-55,Premium,0.0,0,2017,03,21,02
55-65,Normal,0.0,0,2017,03,21,02
55-65,Premium,0.0,0,2017,03,21,02
65+,Normal,0.0,0,2017,03,21,02
65+,Premium,0.0,0,2017,03,21,02
0-18,Normal,0.0,0,2017,03,21,05
0-18,Premium,0.0,0,2017,03,21,05
18-25,Normal,0.0,0,2017,03,21,05
18-25,Premium,0.0,0,2017,03,21,05
25-35,Normal,0.0,0,2017,03,21,05
25-35,Premium,0.0,0,2017,03,21,05
35-45,Normal,0.0,0,2017,03,21,05
35-45,Premium,0.0,0,2017,03,21,05
45-55,Normal,0.0,0,2017,03,21,05
45-55,Premium,0.0,0,2017,03,21,05
55-65,Normal,0.0,0,2017,03,21,05
55-65,Premium,0.0,0,2017,03,21,05
65+,Normal,0.0,0,2017,03,21,05
65+,Premium,0.0,0,2017,03,21,05
0-18,Normal,0.0,0,2017,03,21,18
0-18,Premium,0.0,0,2017,03,21,18
18-25,Normal,0.0,0,2017,03,21,18
18-25,Premium,0.0,0,2017,03,21,18
25-35,Normal,0.0,0,2017,03,21,18
25-35,Premium,0.0,0,2017,03,21,18
35-45,Normal,0.0,0,2017,03,21,18
35-45,Premium,0.0,0,2017,03,21,18
45-55,Normal,0.0,0,2017,03,21,18
45-55,Premium,0.0,0,2017,03,21,18
55-65,Normal,0.0,0,2017,03,21,18
55-65,Premium,0.0,0,2017,03,21,18
65+,Normal,0.0,0,2017,03,21,18
65+,Premium,0.0,0,2017,03,21,18
0-18,Normal,0.0,0,2017,03,21,20
0-18,Premium,0.0,0,2017,03,21,20
18-25,Normal,0.0,0,2017,03,21,20
18-25,Premium,0.0,0,2017,03,21,20
25-35,Normal,0.0,0,2017,03,21,20
25-35,Premium,0.0,0,2017,03,21,20
35-45,Normal,0.0,0,2017,03,21,20
35-45,Premium,0.0,0,2017,03,21,20
45-55,Normal,0.0,0,2017,03,21,20
45-55,Premium,0.0,0,2017,03,21,20
55-65,Normal,0.0,0,2017,03,21,20
55-65,Premium,0.0,0,2017,03,21,20
65+,Normal,0.0,0,2017,03,21,20
65+,Premium,0.0,0,2017,03,21,20
0-18,Normal,0.0,0,2017,03,21,16
0-18,Premium,0.0,0,2017,03,21,16
18-25,Normal,0.0,0,2017,03,21,16
18-25,Premium,0.0,0,2017,03,21,16
25-35,Normal,0.0,0,2017,03,21,16
25-35,Premium,0.0,0,2017,03,21,16
35-45,Normal,0.0,0,2017,03,21,16
35-45,Premium,0.0,0,2017,03,21,16
45-55,Normal,0.0,0,2017,03,21,16
45-55,Premium,0.0,0,2017,03,21,16
55-65,Normal,0.0,0,2017,03,21,16
55-65,Premium,0.0,0,2017,03,21,16
65+,Normal,0.0,0,2017,03,21,16
65+,Premium,0.0,0,2017,03,21,16
0-18,Normal,0.0,0,2017,03,21,11
0-18,Premium,0.0,0,2017,03,21,11
18-25,Normal,0.0,0,2017,03,21,11
18-25,Premium,0.0,0,2017,03,21,11
25-35,Normal,0.0,0,2017,03,21,11
25-35,Premium,0.0,0,2017,03,21,11
35-45,Normal,0.0,0,2017,03,21,11
35-45,Premium,0.0,0,2017,03,21,11
45-55,Normal,0.0,0,2017,03,21,11
45-55,Premium,0.0,0,2017,03,21,11
55-65,Normal,0.0,0,2017,03,21,11
55-65,Premium,0.0,0,2017,03,21,11
65+,Normal,0.0,0,2017,03,21,11
65+,Premium,0.0,0,2017,03,21,11
0-18,Normal,0.0,0,2017,03,21,10
0-18,Premium,0.0,0,2017,03,21,10
18-25,Normal,0.0,0,2017,03,21,10
18-25,Premium,0.0,0,2017,03,21,10
25-35,Normal,0.0,0,2017,03,21,10
25-35,Premium,0.0,0,2017,03,21,10
35-45,Normal,0.0,0,2017,03,21,10
35-45,Premium,0.0,0,2017,03,21,10
45-55,Normal,0.0,0,2017,03,21,10
45-55,Premium,0.0,0,2017,03,21,10
55-65,Normal,0.0,0,2017,03,21,10
55-65,Premium,0.0,0,2017,03,21,10
65+,Normal,0.0,0,2017,03,21,10
65+,Premium,0.0,0,2017,03,21,10
0-18,Normal,0.0,0,2017,03,21,17
0-18,Premium,0.0,0,2017,03,21,17
18-25,Normal,0.0,0,2017,03,21,17
18-25,Premium,0.0,0,2017,03,21,17
25-35,Normal,0.0,0,2017,03,21,17
25-35,Premium,0.0,0,2017,03,21,17
35-45,Normal,0.0,0,2017,03,21,17
35-45,Premium,0.0,0,2017,03,21,17
45-55,Normal,0.0,0,2017,03,21,17
45-55,Premium,0.0,0,2017,03,21,17
55-65,Normal,0.0,0,2017,03,21,17
55-65,Premium,0.0,0,2017,03,21,17
65+,Normal,0.0,0,2017,03,21,17
65+,Premium,0.0,0,2017,03,21,17
0-18,Normal,0.0,0,2017,03,21,21
0-18,Premium,0.0,0,2017,03,21,21
18-25,Normal,0.0,0,2017,03,21,21
18-25,Premium,0.0,0,2017,03,21,21
25-35,Normal,0.0,0,2017,03,21,21
25-35,Premium,0.0,0,2017,03,21,21
35-45,Normal,0.0,0,2017,03,21,21
35-45,Premium,0.0,0,2017,03,21,21
45-55,Normal,0.0,0,2017,03,21,21
45-55,Premium,0.0,0,2017,03,21,21
55-65,Normal,0.0,0,2017,03,21,21
55-65,Premium,0.0,0,2017,03,21,21
65+,Normal,0.0,0,2017,03,21,21
65+,Premium,0.0,0,2017,03,21,21
0-18,Normal,0.0,0,2017,03,21,19
0-18,Premium,0.0,0,2017,03,21,19
18-25,Normal,0.0,0,2017,03,21,19
18-25,Premium,0.0,0,2017,03,21,19
25-35,Normal,0.0,0,2017,03,21,19
25-35,Premium,0.0,0,2017,03,21,19
35-45,Normal,0.0,0,2017,03,21,19
35-45,Premium,0.0,0,2017,03,21,19
45-55,Normal,0.0,0,2017,03,21,19
45-55,Premium,0.0,0,2017,03,21,19
55-65,Normal,0.0,0,2017,03,21,19
55-65,Premium,0.0,0,2017,03,21,19
65+,Normal,0.0,0,2017,03,21,19
65+,Premium,0.0,0,2017,03,21,19
0-18,Normal,0.0,0,2017,03,21,00
0-18,Premium,0.0,0,2017,03,21,00
18-25,Normal,0.0,0,2017,03,21,00
18-25,Premium,0.0,0,2017,03,21,00
25-35,Normal,0.0,0,2017,03,21,00
25-35,Premium,0.0,0,2017,03,21,00
35-45,Normal,0.0,0,2017,03,21,00
35-45,Premium,0.0,0,2017,03,21,00
45-55,Normal,0.0,0,2017,03,21,00
45-55,Premium,0.0,0,2017,03,21,00
55-65,Normal,0.0,0,2017,03,21,00
55-65,Premium,0.0,0,2017,03,21,00
65+,Normal,0.0,0,2017,03,21,00
65+,Premium,0.0,0,2017,03,21,00
0-18,Normal,0.0,0,2017,03,21,07
0-18,Premium,0.0,0,2017,03,21,07
18-25,Normal,0.0,0,2017,03,21,07
18-25,Premium,0.0,0,2017,03,21,07
25-35,Normal,0.0,0,2017,03,21,07
25-35,Premium,0.0,0,2017,03,21,07
35-45,Normal,0.0,0,2017,03,21,07
35-45,Premium,0.0,0,2017,03,21,07
45-55,Normal,0.0,0,2017,03,21,07
45-55,Premium,0.0,0,2017,03,21,07
55-65,Normal,0.0,0,2017,03,21,07
55-65,Premium,0.0,0,2017,03,21,07
65+,Normal,0.0,0,2017,03,21,07
65+,Premium,0.0,0,2017,03,21,07
0-18,Normal,0.0,0,2017,03,21,09
0-18,Premium,0.0,0,2017,03,21,09
18-25,Normal,0.0,0,2017,03,21,09
18-25,Premium,0.0,0,2017,03,21,09
25-35,Normal,0.0,0,2017,03,21,09
25-35,Premium,0.0,0,2017,03,21,09
35-45,Normal,0.0,0,2017,03,21,09
35-45,Premium,0.0,0,2017,03,21,09
45-55,Normal,0.0,0,2017,03,21,09
45-55,Premium,0.0,0,2017,03,21,09
55-65,Normal,0.0,0,2017,03,21,09
55-65,Premium,0.0,0,2017,03,21,09
65+,Normal,0.0,0,2017,03,21,09
65+,Premium,0.0,0,2017,03,21,09
0-18,Normal,0.0,0,2017,03,21,08
0-18,Premium,0.0,0,2017,03,21,08
18-25,Normal,0.0,0,2017,03,21,08
18-25,Premium,0.0,0,2017,03,21,08
25-35,Normal,0.0,0,2017,03,21,08
25-35,Premium,0.0,0,2017,03,21,08
35-45,Normal,0.0,0,2017,03,21,08
35-45,Premium,0.0,0,2017,03,21,08
45-55,Normal,0.0,0,2017,03,21,08
45-55,Premium,0.0,0,2017,03,21,08
55-65,Normal,0.0,0,2017,03,21,08
55-65,Premium,0.0,0,2017,03,21,08
65+,Normal,0.0,0,2017,03,21,08
65+,Premium,0.0,0,2017,03,21,08
0-18,Normal,0.0,0,2017,03,21,06
0-18,Premium,0.0,0,2017,03,21,06
18-25,Normal,0.0,0,2017,03,21,06
18-25,Premium,0.0,0,2017,03,21,06
25-35,Normal,0.0,0,2017,03,21,06
25-35,Premium,0.0,0,2017,03,21,06
35-45,Normal,0.0,0,2017,03,21,06
35-45,Premium,0.0,0,2017,03,21,06
45-55,Normal,0.0,0,2017,03,21,06
45-55,Premium,0.0,0,2017,03,21,06
55-65,Normal,0.0,0,2017,03,21,06
55-65,Premium,0.0,0,2017,03,21,06
65+,Normal,0.0,0,2017,03,21,06
65+,Premium,0.0,0,2017,03,21,06
0-18,Normal,0.0,0,2017,03,21,01
0-18,Premium,0.0,0,2017,03,21,01
18-25,Normal,0.0,0,2017,03,21,01
18-25,Premium,0.0,0,2017,03,21,01
25-35,Normal,0.0,0,2017,03,21,01
25-35,Premium,0.0,0,2017,03,21,01
35-45,Normal,0.0,0,2017,03,21,01
35-45,Premium,0.0,0,2017,03,21,01
45-55,Normal,0.0,0,2017,03,21,01
45-55,Premium,0.0,0,2017,03,21,01
55-65,Normal,0.0,0,2017,03,21,01
55-65,Premium,0.0,0,2017,03,21,01
65+,Normal,0.0,0,2017,03,21,01
65+,Premium,0.0,0,2017,03,21,01
0-18,Normal,0.0,0,2017,03,21,23
0-18,Premium,0.0,0,2017,03,21,23
18-25,Normal,0.0,0,2017,03,21,23
18-25,Premium,0.0,0,2017,03,21,23
25-35,Normal,0.0,0,2017,03,21,23
25-35,Premium,0.0,0,2017,03,21,23
35-45,Normal,0.0,0,2017,03,21,23
35-45,Premium,0.0,0,2017,03,21,23
45-55,Normal,0.0,0,2017,03,21,23
45-55,Premium,0.0,0,2017,03,21,23
55-65,Normal,0.0,0,2017,03,21,23
55-65,Premium,0.0,0,2017,03,21,23
65+,Normal,0.0,0,2017,03,21,23
65+,Premium,0.0,0,2017,03,21,23
0-18,Normal,0.0,0,2017,03,21,12
0-18,Premium,0.0,0,2017,03,21,12
18-25,Normal,0.0,0,2017,03,21,12
18-25,Premium,0.0,0,2017,03,21,12
25-35,Normal,0.0,0,2017,03,21,12
25-35,Premium,0.0,0,2017,03,21,12
35-45,Normal,0.0,0,2017,03,21,12
35-45,Premium,0.0,0,2017,03,21,12
45-55,Normal,0.0,0,2017,03,21,12
45-55,Premium,0.0,0,2017,03,21,12
55-65,Normal,0.0,0,2017,03,21,12
55-65,Premium,0.0,0,2017,03,21,12
65+,Normal,0.0,0,2017,03,21,12
65+,Premium,0.0,0,2017,03,21,12
0-18,Normal,0.0,0,2017,03,21,15
0-18,Premium,0.0,0,2017,03,21,15
18-25,Normal,0.0,0,2017,03,21,15
18-25,Premium,0.0,0,2017,03,21,15
25-35,Normal,0.0,0,2017,03,21,15
25-35,Premium,0.0,0,2017,03,21,15
35-45,Normal,0.0,0,2017,03,21,15
35-45,Premium,0.0,0,2017,03,21,15
45-55,Normal,0.0,0,2017,03,21,15
45-55,Premium,0.0,0,2017,03,21,15
55-65,Normal,0.0,0,2017,03,21,15
55-65,Premium,0.0,0,2017,03,21,15
65+,Normal,0.0,0,2017,03,21,15
65+,Premium,0.0,0,2017,03,21,15
0-18,Normal,0.0,0,2017,03,21,14
0-18,Premium,0.0,0,2017,03,21,14
18-25,Normal,0.0,0,2017,03,21,14
18-25,Premium,0.0,0,2017,03,21,14
25-35,Normal,0.0,0,2017,03,21,14
25-35,Premium,0.0,0,2017,03,21,14
35-45,Normal,0.0,0,2017,03,21,14
35-45,Premium,0.0,0,2017,03,21,14
45-55,Normal,0.0,0,2017,03,21,14
45-55,Premium,0.0,0,2017,03,21,14
55-65,Normal,0.0,0,2017,03,21,14
55-65,Premium,0.0,0,2017,03,21,14
65+,Normal,0.0,0,2017,03,21,14
65+,Premium,0.0,0,2017,03,21,14
0-18,Normal,0.0,0,2017,03,21,13
0-18,Premium,0.0,0,2017,03,21,13
18-25,Normal,0.0,0,2017,03,21,13
18-25,Premium,0.0,0,2017,03,21,13
25-35,Normal,0.0,0,2017,03,21,13
25-35,Premium,0.0,0,2017,03,21,13
35-45,Normal,0.0,0,2017,03,21,13
35-45,Premium,0.0,0,2017,03,21,13
45-55,Normal,0.0,0,2017,03,21,13
45-55,Premium,0.0,0,2017,03,21,13
55-65,Normal,0.0,0,2017,03,21,13
55-65,Premium,0.0,0,2017,03,21,13
65+,Normal,0.0,0,2017,03,21,13
65+,Premium,0.0,0,2017,03,21,13
0-18,Normal,0.0,0,2017,03,21,22
0-18,Premium,0.0,0,2017,03,21,22
18-25,Normal,0.0,0,2017,03,21,22
18-25,Premium,0.0,0,2017,03,21,22
25-35,Normal,0.0,0,2017,03,21,22
25-35,Premium,0.0,0,2017,03,21,22
35-45,Normal,0.0,0,2017,03,21,22
35-45,Premium,0.0,0,2017,03,21,22
45-55,Normal,0.0,0,2017,03,21,22
45-55,Premium,0.0,0,2017,03,21,22
55-65,Normal,0.0,0,2017,03,21,22
55-65,Premium,0.0,0,2017,03,21,22
65+,Normal,0.0,0,2017,03,21,22
65+,Premium,0.0,0,2017,03,21,22
0-18,Normal,0.0,0,2017,03,19,04
0-18,Premium,0.0,0,2017,03,19,04
18-25,Normal,0.0,0,2017,03,19,04
18-25,Premium,0.0,0,2017,03,19,04
25-35,Normal,0.0,0,2017,03,19,04
25-35,Premium,0.0,0,2017,03,19,04
35-45,Normal,0.0,0,2017,03,19,04
35-45,Premium,0.0,0,2017,03,19,04
45-55,Normal,0.0,0,2017,03,19,04
45-55,Premium,0.0,0,2017,03,19,04
55-65,Normal,0.0,0,2017,03,19,04
55-65,Premium,0.0,0,2017,03,19,04
65+,Normal,0.0,0,2017,03,19,04
65+,Premium,0.0,0,2017,03,19,04
0-18,Normal,0.0,0,2017,03,19,03
0-18,Premium,0.0,0,2017,03,19,03
18-25,Normal,0.0,0,2017,03,19,03
18-25,Premium,0.0,0,2017,03,19,03
25-35,Normal,0.0,0,2017,03,19,03
25-35,Premium,0.0,0,2017,03,19,03
35-45,Normal,0.0,0,2017,03,19,03
35-45,Premium,0.0,0,2017,03,19,03
45-55,Normal,0.0,0,2017,03,19,03
45-55,Premium,0.0,0,2017,03,19,03
55-65,Normal,0.0,0,2017,03,19,03
55-65,Premium,0.0,0,2017,03,19,03
65+,Normal,0.0,0,2017,03,19,03
65+,Premium,0.0,0,2017,03,19,03
0-18,Normal,2743.53,8,2017,03,19,02
0-18,Premium,2737.56,9,2017,03,19,02
18-25,Normal,12793.25,33,2017,03,19,02
18-25,Premium,28616.0,51,2017,03,19,02
25-35,Normal,33214.520000000004,60,2017,03,19,02
25-35,Premium,45294.81,87,2017,03,19,02
35-45,Normal,29010.41,45,2017,03,19,02
35-45,Premium,43109.72,65,2017,03,19,02
45-55,Normal,25458.03,57,2017,03,19,02
45-55,Premium,35620.770000000004,74,2017,03,19,02
55-65,Normal,24822.04,55,2017,03,19,02
55-65,Premium,32813.61,77,2017,03,19,02
65+,Normal,6441.39,12,2017,03,19,02
65+,Premium,13470.630000000001,33,2017,03,19,02
0-18,Normal,0.0,0,2017,03,19,05
0-18,Premium,0.0,0,2017,03,19,05
18-25,Normal,0.0,0,2017,03,19,05
18-25,Premium,0.0,0,2017,03,19,05
25-35,Normal,0.0,0,2017,03,19,05
25-35,Premium,0.0,0,2017,03,19,05
35-45,Normal,0.0,0,2017,03,19,05
35-45,Premium,0.0,0,2017,03,19,05
45-55,Normal,0.0,0,2017,03,19,05
45-55,Premium,0.0,0,2017,03,19,05
55-65,Normal,0.0,0,2017,03,19,05
55-65,Premium,0.0,0,2017,03,19,05
65+,Normal,0.0,0,2017,03,19,05
65+,Premium,0.0,0,2017,03,19,05
0-18,Normal,0.0,0,2017,03,19,18
0-18,Premium,0.0,0,2017,03,19,18
18-25,Normal,0.0,0,2017,03,19,18
18-25,Premium,0.0,0,2017,03,19,18
25-35,Normal,0.0,0,2017,03,19,18
25-35,Premium,0.0,0,2017,03,19,18
35-45,Normal,0.0,0,2017,03,19,18
35-45,Premium,0.0,0,2017,03,19,18
45-55,Normal,0.0,0,2017,03,19,18
45-55,Premium,0.0,0,2017,03,19,18
55-65,Normal,0.0,0,2017,03,19,18
55-65,Premium,0.0,0,2017,03,19,18
65+,Normal,0.0,0,2017,03,19,18
65+,Premium,0.0,0,2017,03,19,18
0-18,Normal,0.0,0,2017,03,19,20
0-18,Premium,0.0,0,2017,03,19,20
18-25,Normal,0.0,0,2017,03,19,20
18-25,Premium,0.0,0,2017,03,19,20
25-35,Normal,0.0,0,2017,03,19,20
25-35,Premium,0.0,0,2017,03,19,20
35-45,Normal,0.0,0,2017,03,19,20
35-45,Premium,0.0,0,2017,03,19,20
45-55,Normal,0.0,0,2017,03,19,20
45-55,Premium,0.0,0,2017,03,19,20
55-65,Normal,0.0,0,2017,03,19,20
55-65,Premium,0.0,0,2017,03,19,20
65+,Normal,0.0,0,2017,03,19,20
65+,Premium,0.0,0,2017,03,19,20
0-18,Normal,0.0,0,2017,03,19,16
0-18,Premium,0.0,0,2017,03,19,16
18-25,Normal,0.0,0,2017,03,19,16
18-25,Premium,0.0,0,2017,03,19,16
25-35,Normal,0.0,0,2017,03,19,16
25-35,Premium,0.0,0,2017,03,19,16
35-45,Normal,0.0,0,2017,03,19,16
35-45,Premium,0.0,0,2017,03,19,16
45-55,Normal,0.0,0,2017,03,19,16
45-55,Premium,0.0,0,2017,03,19,16
55-65,Normal,0.0,0,2017,03,19,16
55-65,Premium,0.0,0,2017,03,19,16
65+,Normal,0.0,0,2017,03,19,16
65+,Premium,0.0,0,2017,03,19,16
0-18,Normal,0.0,0,2017,03,19,11
0-18,Premium,0.0,0,2017,03,19,11
18-25,Normal,0.0,0,2017,03,19,11
18-25,Premium,0.0,0,2017,03,19,11
25-35,Normal,0.0,0,2017,03,19,11
25-35,Premium,0.0,0,2017,03,19,11
35-45,Normal,0.0,0,2017,03,19,11
35-45,Premium,0.0,0,2017,03,19,11
45-55,Normal,0.0,0,2017,03,19,11
45-55,Premium,0.0,0,2017,03,19,11
55-65,Normal,0.0,0,2017,03,19,11
55-65,Premium,0.0,0,2017,03,19,11
65+,Normal,0.0,0,2017,03,19,11
65+,Premium,0.0,0,2017,03,19,11
0-18,Normal,0.0,0,2017,03,19,10
0-18,Premium,0.0,0,2017,03,19,10
18-25,Normal,0.0,0,2017,03,19,10
18-25,Premium,0.0,0,2017,03,19,10
25-35,Normal,0.0,0,2017,03,19,10
25-35,Premium,0.0,0,2017,03,19,10
35-45,Normal,0.0,0,2017,03,19,10
35-45,Premium,0.0,0,2017,03,19,10
45-55,Normal,0.0,0,2017,03,19,10
45-55,Premium,0.0,0,2017,03,19,10
55-65,Normal,0.0,0,2017,03,19,10
55-65,Premium,0.0,0,2017,03,19,10
65+,Normal,0.0,0,2017,03,19,10
65+,Premium,0.0,0,2017,03,19,10
0-18,Normal,0.0,0,2017,03,19,17
0-18,Premium,0.0,0,2017,03,19,17
18-25,Normal,0.0,0,2017,03,19,17
18-25,Premium,0.0,0,2017,03,19,17
25-35,Normal,0.0,0,2017,03,19,17
25-35,Premium,0.0,0,2017,03,19,17
35-45,Normal,0.0,0,2017,03,19,17
35-45,Premium,0.0,0,2017,03,19,17
45-55,Normal,0.0,0,2017,03,19,17
45-55,Premium,0.0,0,2017,03,19,17
55-65,Normal,0.0,0,2017,03,19,17
55-65,Premium,0.0,0,2017,03,19,17
65+,Normal,0.0,0,2017,03,19,17
65+,Premium,0.0,0,2017,03,19,17
0-18,Normal,0.0,0,2017,03,19,21
0-18,Premium,0.0,0,2017,03,19,21
18-25,Normal,0.0,0,2017,03,19,21
18-25,Premium,0.0,0,2017,03,19,21
25-35,Normal,0.0,0,2017,03,19,21
25-35,Premium,0.0,0,2017,03,19,21
35-45,Normal,0.0,0,2017,03,19,21
35-45,Premium,0.0,0,2017,03,19,21
45-55,Normal,0.0,0,2017,03,19,21
45-55,Premium,0.0,0,2017,03,19,21
55-65,Normal,0.0,0,2017,03,19,21
55-65,Premium,0.0,0,2017,03,19,21
65+,Normal,0.0,0,2017,03,19,21
65+,Premium,0.0,0,2017,03,19,21
0-18,Normal,0.0,0,2017,03,19,19
0-18,Premium,0.0,0,2017,03,19,19
18-25,Normal,0.0,0,2017,03,19,19
18-25,Premium,0.0,0,2017,03,19,19
25-35,Normal,0.0,0,2017,03,19,19
25-35,Premium,0.0,0,2017,03,19,19
35-45,Normal,0.0,0,2017,03,19,19
35-45,Premium,0.0,0,2017,03,19,19
45-55,Normal,0.0,0,2017,03,19,19
45-55,Premium,0.0,0,2017,03,19,19
55-65,Normal,0.0,0,2017,03,19,19
55-65,Premium,0.0,0,2017,03,19,19
65+,Normal,0.0,0,2017,03,19,19
65+,Premium,0.0,0,2017,03,19,19
0-18,Normal,8075.23,10,2017,03,19,00
0-18,Premium,4847.25,5,2017,03,19,00
18-25,Normal,20647.05,49,2017,03,19,00
18-25,Premium,25376.46,52,2017,03,19,00
25-35,Normal,32375.42,69,2017,03,19,00
25-35,Premium,41014.32,75,2017,03,19,00
35-45,Normal,20556.0,42,2017,03,19,00
35-45,Premium,40250.729999999996,91,2017,03,19,00
45-55,Normal,22019.67,49,2017,03,19,00
45-55,Premium,41637.2,103,2017,03,19,00
55-65,Normal,20156.72,53,2017,03,19,00
55-65,Premium,44747.47,89,2017,03,19,00
65+,Normal,13311.93,24,2017,03,19,00
65+,Premium,22153.89,39,2017,03,19,00
0-18,Normal,0.0,0,2017,03,19,07
0-18,Premium,0.0,0,2017,03,19,07
18-25,Normal,0.0,0,2017,03,19,07
18-25,Premium,0.0,0,2017,03,19,07
25-35,Normal,0.0,0,2017,03,19,07
25-35,Premium,0.0,0,2017,03,19,07
35-45,Normal,0.0,0,2017,03,19,07
35-45,Premium,0.0,0,2017,03,19,07
45-55,Normal,0.0,0,2017,03,19,07
45-55,Premium,0.0,0,2017,03,19,07
55-65,Normal,0.0,0,2017,03,19,07
55-65,Premium,0.0,0,2017,03,19,07
65+,Normal,0.0,0,2017,03,19,07
65+,Premium,0.0,0,2017,03,19,07
0-18,Normal,0.0,0,2017,03,19,09
0-18,Premium,0.0,0,2017,03,19,09
18-25,Normal,0.0,0,2017,03,19,09
18-25,Premium,0.0,0,2017,03,19,09
25-35,Normal,0.0,0,2017,03,19,09
25-35,Premium,0.0,0,2017,03,19,09
35-45,Normal,0.0,0,2017,03,19,09
35-45,Premium,0.0,0,2017,03,19,09
45-55,Normal,0.0,0,2017,03,19,09
45-55,Premium,0.0,0,2017,03,19,09
55-65,Normal,0.0,0,2017,03,19,09
55-65,Premium,0.0,0,2017,03,19,09
65+,Normal,0.0,0,2017,03,19,09
65+,Premium,0.0,0,2017,03,19,09
0-18,Normal,0.0,0,2017,03,19,08
0-18,Premium,0.0,0,2017,03,19,08
18-25,Normal,0.0,0,2017,03,19,08
18-25,Premium,0.0,0,2017,03,19,08
25-35,Normal,0.0,0,2017,03,19,08
25-35,Premium,0.0,0,2017,03,19,08
35-45,Normal,0.0,0,2017,03,19,08
35-45,Premium,0.0,0,2017,03,19,08
45-55,Normal,0.0,0,2017,03,19,08
45-55,Premium,0.0,0,2017,03,19,08
55-65,Normal,0.0,0,2017,03,19,08
55-65,Premium,0.0,0,2017,03,19,08
65+,Normal,0.0,0,2017,03,19,08
65+,Premium,0.0,0,2017,03,19,08
0-18,Normal,0.0,0,2017,03,19,06
0-18,Premium,0.0,0,2017,03,19,06
18-25,Normal,0.0,0,2017,03,19,06
18-25,Premium,0.0,0,2017,03,19,06
25-35,Normal,0.0,0,2017,03,19,06
25-35,Premium,0.0,0,2017,03,19,06
35-45,Normal,0.0,0,2017,03,19,06
35-45,Premium,0.0,0,2017,03,19,06
45-55,Normal,0.0,0,2017,03,19,06
45-55,Premium,0.0,0,2017,03,19,06
55-65,Normal,0.0,0,2017,03,19,06
55-65,Premium,0.0,0,2017,03,19,06
65+,Normal,0.0,0,2017,03,19,06
65+,Premium,0.0,0,2017,03,19,06
0-18,Normal,4363.8099999999995,6,2017,03,19,01
0-18,Premium,9255.0,8,2017,03,19,01
18-25,Normal,19841.2,46,2017,03,19,01
18-25,Premium,21783.93,55,2017,03,19,01
25-35,Normal,18554.11,47,2017,03,19,01
25-35,Premium,39325.66,96,2017,03,19,01
35-45,Normal,22867.61,62,2017,03,19,01
35-45,Premium,32948.6,67,2017,03,19,01
45-55,Normal,31550.56,55,2017,03,19,01
45-55,Premium,48497.34,90,2017,03,19,01
55-65,Normal,20075.18,57,2017,03,19,01
55-65,Premium,51969.78,109,2017,03,19,01
65+,Normal,8687.289999999999,23,2017,03,19,01
65+,Premium,20702.3,35,2017,03,19,01
0-18,Normal,0.0,0,2017,03,19,23
0-18,Premium,0.0,0,2017,03,19,23
18-25,Normal,0.0,0,2017,03,19,23
18-25,Premium,0.0,0,2017,03,19,23
25-35,Normal,0.0,0,2017,03,19,23
25-35,Premium,0.0,0,2017,03,19,23
35-45,Normal,0.0,0,2017,03,19,23
35-45,Premium,0.0,0,2017,03,19,23
45-55,Normal,0.0,0,2017,03,19,23
45-55,Premium,0.0,0,2017,03,19,23
55-65,Normal,0.0,0,2017,03,19,23
55-65,Premium,0.0,0,2017,03,19,23
65+,Normal,0.0,0,2017,03,19,23
65+,Premium,0.0,0,2017,03,19,23
0-18,Normal,0.0,0,2017,03,19,12
0-18,Premium,0.0,0,2017,03,19,12
18-25,Normal,0.0,0,2017,03,19,12
18-25,Premium,0.0,0,2017,03,19,12
25-35,Normal,0.0,0,2017,03,19,12
25-35,Premium,0.0,0,2017,03,19,12
35-45,Normal,0.0,0,2017,03,19,12
35-45,Premium,0.0,0,2017,03,19,12
45-55,Normal,0.0,0,2017,03,19,12
45-55,Premium,0.0,0,2017,03,19,12
55-65,Normal,0.0,0,2017,03,19,12
55-65,Premium,0.0,0,2017,03,19,12
65+,Normal,0.0,0,2017,03,19,12
65+,Premium,0.0,0,2017,03,19,12
0-18,Normal,0.0,0,2017,03,19,15
0-18,Premium,0.0,0,2017,03,19,15
18-25,Normal,0.0,0,2017,03,19,15
18-25,Premium,0.0,0,2017,03,19,15
25-35,Normal,0.0,0,2017,03,19,15
25-35,Premium,0.0,0,2017,03,19,15
35-45,Normal,0.0,0,2017,03,19,15
35-45,Premium,0.0,0,2017,03,19,15
45-55,Normal,0.0,0,2017,03,19,15
45-55,Premium,0.0,0,2017,03,19,15
55-65,Normal,0.0,0,2017,03,19,15
55-65,Premium,0.0,0,2017,03,19,15
65+,Normal,0.0,0,2017,03,19,15
65+,Premium,0.0,0,2017,03,19,15
0-18,Normal,0.0,0,2017,03,19,14
0-18,Premium,0.0,0,2017,03,19,14
18-25,Normal,0.0,0,2017,03,19,14
18-25,Premium,0.0,0,2017,03,19,14
25-35,Normal,0.0,0,2017,03,19,14
25-35,Premium,0.0,0,2017,03,19,14
35-45,Normal,0.0,0,2017,03,19,14
35-45,Premium,0.0,0,2017,03,19,14
45-55,Normal,0.0,0,2017,03,19,14
45-55,Premium,0.0,0,2017,03,19,14
55-65,Normal,0.0,0,2017,03,19,14
55-65,Premium,0.0,0,2017,03,19,14
65+,Normal,0.0,0,2017,03,19,14
65+,Premium,0.0,0,2017,03,19,14
0-18,Normal,0.0,0,2017,03,19,13
0-18,Premium,0.0,0,2017,03,19,13
18-25,Normal,0.0,0,2017,03,19,13
18-25,Premium,0.0,0,2017,03,19,13
25-35,Normal,0.0,0,2017,03,19,13
25-35,Premium,0.0,0,2017,03,19,13
35-45,Normal,0.0,0,2017,03,19,13
35-45,Premium,0.0,0,2017,03,19,13
45-55,Normal,0.0,0,2017,03,19,13
45-55,Premium,0.0,0,2017,03,19,13
55-65,Normal,0.0,0,2017,03,19,13
55-65,Premium,0.0,0,2017,03,19,13
65+,Normal,0.0,0,2017,03,19,13
65+,Premium,0.0,0,2017,03,19,13
0-18,Normal,0.0,0,2017,03,19,22
0-18,Premium,0.0,0,2017,03,19,22
18-25,Normal,0.0,0,2017,03,19,22
18-25,Premium,0.0,0,2017,03,19,22
25-35,Normal,0.0,0,2017,03,19,22
25-35,Premium,0.0,0,2017,03,19,22
35-45,Normal,0.0,0,2017,03,19,22
35-45,Premium,0.0,0,2017,03,19,22
45-55,Normal,0.0,0,2017,03,19,22
45-55,Premium,0.0,0,2017,03,19,22
55-65,Normal,0.0,0,2017,03,19,22
55-65,Premium,0.0,0,2017,03,19,22
65+,Normal,0.0,0,2017,03,19,22
65+,Premium,0.0,0,2017,03,19,22
