accessed_date,duration_(secs),network_protocol,ip,bytes,accessed_Ffom,age,gender,country,membership,language,sales,returned,returned_amount,pay_method,timestamp,ano,mes,dia,hora
2017-03-15 07:01:07.027,3732,HTTP,77.45.171.193,46,Android App,53,Male,PL,Premium,Russian,49.408,No,0.0,Credit Card,2017-03-15 07:01:07.027,2017,3,15,7
2017-03-15 07:01:07.027,1960,HTTP,77.51.67.33,40,Android App,40,Female,CA,Premium,Chinese,53.25,No,0.0,Cash,2017-03-15 07:01:07.027,2017,3,15,7
2017-03-15 07:01:21.300,4595,HTTP,77.52.194.43,46,Android App,42,Male,CO,Premium,Russian,3.76,No,0.0,Cash,2017-03-15 07:01:21.300,2017,3,15,7
2017-03-15 07:01:21.300,1992,HTTP,77.52.96.58,40,Android App,64,Female,PL,Premium,Russian,767.214,No,0.0,Credit Card,2017-03-15 07:01:21.300,2017,3,15,7
2017-03-15 07:01:46.425,4469,HTTP,77.71.218.205,92,Mozilla Firefox,22,Male,CN,Premium,Chinese,257.98,No,0.0,Others,2017-03-15 07:01:46.425,2017,3,15,7
2017-03-15 07:01:46.425,2835,HTTP,77.71.226.13,44,Mozilla Firefox,37,Female,RU,Premium,Chinese,119.04,No,0.0,Debit Card,2017-03-15 07:01:46.425,2017,3,15,7
2017-03-15 07:02:38.576,3825,HTTP,77.91.174.153,46,IOS App,55,Male,US,Premium,Russian,167.28,No,0.0,Debit Card,2017-03-15 07:02:38.576,2017,3,15,7
2017-03-15 07:02:38.576,3757,HTTP,77.93.41.138,40,IOS App,50,Female,AU,Premium,Russian,772.68,No,0.0,Others,2017-03-15 07:02:38.576,2017,3,15,7
2017-03-15 07:02:51.476,1583,HTTP,77.93.47.204,40,IOS App,58,Female,AT,Premium,Russian,323.976,No,0.0,Credit Card,2017-03-15 07:02:51.476,2017,3,15,7
2017-03-15 07:02:51.476,4315,HTTP,77.96.114.28,46,Microsoft Edge,27,Male,CO,Premium,Chinese,11.808,No,0.0,Debit Card,2017-03-15 07:02:51.476,2017,3,15,7
2017-03-15 07:03:01.665,1874,HTTP,77.96.135.87,40,Microsoft Edge,59,Male,ZA,Premium,Chinese,26.16,No,0.0,Cash,2017-03-15 07:03:01.665,2017,3,15,7
2017-03-15 07:03:01.665,2596,HTTP,77.96.135.87,46,Microsoft Edge,23,Female,US,Premium,Chinese,33.57,No,0.0,Credit Card,2017-03-15 07:03:01.665,2017,3,15,7
2017-03-15 07:03:35.679,1668,HTTP,78.100.193.45,40,Microsoft Edge,45,Male,IT,Premium,Chinese,4.992,No,0.0,Cash,2017-03-15 07:03:35.679,2017,3,15,7
2017-03-15 07:03:35.679,3189,HTTP,78.100.83.234,46,Microsoft Edge,49,Female,ZA,Premium,Chinese,20.016,No,0.0,Credit Card,2017-03-15 07:03:35.679,2017,3,15,7
2017-03-15 07:01:27.965,3505,HTTP,78.10.209.14,556,Microsoft Edge,36,Male,CH,Normal,Chinese,170.24,No,0.0,Cash,2017-03-15 07:01:27.965,2017,3,15,7
2017-03-15 07:01:27.965,4011,HTTP,78.101.67.125,515,Safari,61,Female,IT,Normal,Chinese,117.456,No,0.0,Credit Card,2017-03-15 07:01:27.965,2017,3,15,7
2017-03-15 07:01:27.995,2226,HTTP,78.101.75.250,702,Safari,47,Female,JP,Normal,Chinese,22.96,No,0.0,Others,2017-03-15 07:01:27.995,2017,3,15,7
2017-03-15 07:01:27.995,2416,HTTP,78.101.89.90,586,Safari,31,Female,PR,Normal,Chinese,13.36,No,0.0,Credit Card,2017-03-15 07:01:27.995,2017,3,15,7
2017-03-15 07:01:47.429,2488,HTTP,78.110.76.65,1884,Safari,28,Male,CA,Premium,Chinese,34.248,No,0.0,Cash,2017-03-15 07:01:47.429,2017,3,15,7
2017-03-15 07:01:47.429,4209,HTTP,78.111.159.110,3545,Others,29,Female,US,Premium,Russian,3.52,No,0.0,Credit Card,2017-03-15 07:01:47.429,2017,3,15,7
2017-03-15 07:05:09.761,3781,HTTP,78.111.185.121,40,Others,52,Male,NO,Premium,Russian,26.7,No,0.0,Debit Card,2017-03-15 07:05:09.761,2017,3,15,7
2017-03-15 07:05:09.761,2923,HTTP,78.111.186.198,46,Others,56,Female,RU,Premium,Russian,21.2,No,0.0,Cash,2017-03-15 07:05:09.761,2017,3,15,7
2017-03-15 07:02:24.677,4339,ICMP ,78.111.186.25,46,Others,55,Female,AR,Premium,Russian,838.38,No,0.0,Credit Card,2017-03-15 07:02:24.677,2017,3,15,7
2017-03-15 07:02:24.677,1935,ICMP ,78.111.187.228,36,Others,24,Female,IN,Premium,Chinese,1690.04,No,0.0,Credit Card,2017-03-15 07:02:24.677,2017,3,15,7
2017-03-15 07:02:33.216,3999,HTTP,78.111.187.231,556,Others,33,Female,US,Normal,Russian,85.96,No,0.0,Debit Card,2017-03-15 07:02:33.216,2017,3,15,7
2017-03-15 07:02:33.216,1774,HTTP,78.111.187.81,515,Others,42,Female,IT,Normal,Russian,121.96,No,0.0,Credit Card,2017-03-15 07:02:33.216,2017,3,15,7
2017-03-15 07:02:33.216,1844,HTTP,78.111.189.144,702,Others,68,Male,IT,Normal,Russian,23.92,No,0.0,Cash,2017-03-15 07:02:33.216,2017,3,15,7
2017-03-15 07:02:33.216,4903,HTTP,78.111.190.41,586,Others,39,Female,IT,Normal,Spanish,63.96,No,0.0,Others,2017-03-15 07:02:33.216,2017,3,15,7
2017-03-15 07:05:47.760,4623,HTTP,78.111.190.83,46,Others,31,Male,IT,Premium,Russian,629.95,No,0.0,Credit Card,2017-03-15 07:05:47.760,2017,3,15,7
2017-03-15 07:05:47.760,3913,HTTP,78.116.6.17,40,Safari,48,Female,US,Premium,French,113.73,No,0.0,Cash,2017-03-15 07:05:47.760,2017,3,15,7
2017-03-15 07:05:56.343,2650,HTTP,78.126.141.139,46,Safari,41,Female,CA,Premium,Chinese,14.6,No,0.0,Credit Card,2017-03-15 07:05:56.343,2017,3,15,7
2017-03-15 07:05:56.343,4829,HTTP,78.129.136.177,40,Safari,41,Male,IT,Premium,Chinese,887.84,No,0.0,Cash,2017-03-15 07:05:56.343,2017,3,15,7
2017-03-15 07:06:08.972,1597,HTTP,78.132.106.161,40,Safari,33,Female,IT,Premium,Chinese,403.92,No,0.0,Cash,2017-03-15 07:06:08.972,2017,3,15,7
2017-03-15 07:06:08.972,1742,HTTP,78.137.56.72,60,Safari,23,Female,PL,Premium,Russian,106.8,No,0.0,Debit Card,2017-03-15 07:06:08.972,2017,3,15,7
2017-03-15 07:03:27.787,3762,UDP  ,78.138.228.176,438,Safari,45,Male,JP,Premium,Chinese,70.95,No,0.0,Credit Card,2017-03-15 07:03:27.787,2017,3,15,7
2017-03-15 07:03:27.788,3392,ICMP ,78.140.58.40,466,IOS App,44,Female,AT,Premium,Chinese,34.944,No,0.0,Cash,2017-03-15 07:03:27.788,2017,3,15,7
2017-03-15 07:03:27.934,3850,HTTP,78.144.227.243,561,Microsoft Edge,24,Male,JP,Normal,Chinese,119.04,No,0.0,Cash,2017-03-15 07:03:27.934,2017,3,15,7
2017-03-15 07:03:27.934,1685,HTTP,78.144.249.69,589,Microsoft Edge,50,Female,CN,Normal,Chinese,383.84,No,0.0,Credit Card,2017-03-15 07:03:27.934,2017,3,15,7
2017-03-15 07:03:28.092,3701,HTTP,78.144.85.233,1727,Microsoft Edge,32,Female,CN,Normal,Chinese,799.56,No,0.0,Others,2017-03-15 07:03:28.092,2017,3,15,7
2017-03-15 07:03:28.092,1697,HTTP,78.147.208.61,579,IOS App,65,Female,CN,Normal,Chinese,31.44,No,0.0,Credit Card,2017-03-15 07:03:28.092,2017,3,15,7
2017-03-15 07:04:27.965,4606,HTTP,78.148.128.114,556,IOS App,30,Female,US,Normal,Chinese,25.92,No,0.0,Credit Card,2017-03-15 07:04:27.965,2017,3,15,7
2017-03-15 07:04:27.965,3223,HTTP,78.148.143.197,515,IOS App,63,Female,PL,Normal,Chinese,0.0,Yes,47.984,Debit Card,2017-03-15 07:04:27.965,2017,3,15,7
2017-03-15 07:04:27.995,1797,HTTP,78.148.143.197,702,IOS App,43,Male,US,Normal,Chinese,75.88,No,0.0,Credit Card,2017-03-15 07:04:27.995,2017,3,15,7
2017-03-15 07:04:27.995,2045,HTTP,78.148.172.86,586,IOS App,50,Male,IT,Normal,Chinese,329.988,No,0.0,Credit Card,2017-03-15 07:04:27.995,2017,3,15,7
2017-03-15 07:04:29.028,3754,HTTP,78.148.189.196,639,Chrome,40,Female,IT,Normal,Chinese,71.376,No,0.0,Credit Card,2017-03-15 07:04:29.028,2017,3,15,7
2017-03-15 07:04:29.028,2241,HTTP,78.149.129.1,614,Chrome,64,Female,US,Normal,Chinese,63.77,No,0.0,Credit Card,2017-03-15 07:04:29.028,2017,3,15,7
2017-03-15 07:04:33.200,3520,HTTP,78.149.46.197,561,Chrome,55,Female,CA,Normal,Chinese,50.97,No,0.0,Cash,2017-03-15 07:04:33.200,2017,3,15,7
2017-03-15 07:04:33.200,2727,HTTP,78.15.134.208,589,Chrome,64,Female,CN,Normal,Chinese,96.08,No,0.0,Cash,2017-03-15 07:04:33.200,2017,3,15,7
2017-03-15 07:04:33.528,3358,HTTP,78.151.219.195,1727,Chrome,67,Male,US,Normal,Chinese,1439.968,No,0.0,Cash,2017-03-15 07:04:33.528,2017,3,15,7
2017-03-15 07:04:33.528,1552,HTTP,78.154.174.170,579,Chrome,60,Male,AU,Normal,Spanish,43.56,No,0.0,Credit Card,2017-03-15 07:04:33.528,2017,3,15,7
2017-03-15 07:05:09.934,1989,UDP  ,78.157.10.182,439,Chrome,34,Male,AT,Premium,Chinese,563.92,No,0.0,Cash,2017-03-15 07:05:09.934,2017,3,15,7
2017-03-15 07:05:09.934,4150,ICMP ,78.157.11.188,467,Chrome,49,Female,CO,Premium,Chinese,235.152,No,0.0,Cash,2017-03-15 07:05:09.934,2017,3,15,7
2017-03-15 07:05:33.216,3422,HTTP,78.157.199.118,556,Chrome,26,Female,ZA,Normal,Chinese,7.712,No,0.0,Credit Card,2017-03-15 07:05:33.216,2017,3,15,7
2017-03-15 07:05:33.216,2894,HTTP,78.157.199.84,515,Chrome,46,Female,US,Normal,Chinese,51.016,No,0.0,Others,2017-03-15 07:05:33.216,2017,3,15,7
2017-03-15 07:05:33.216,3774,HTTP,78.157.84.23,702,Others,26,Female,IT,Normal,Russian,25.248,No,0.0,Credit Card,2017-03-15 07:05:33.216,2017,3,15,7
2017-03-15 07:05:33.216,3520,HTTP,78.159.206.29,586,Others,45,Female,ZA,Normal,italian,56.686,No,0.0,Debit Card,2017-03-15 07:05:33.216,2017,3,15,7
2017-03-15 07:05:35.277,1923,HTTP,78.159.32.75,639,Others,60,Female,CH,Normal,Russian,51.168,No,0.0,Others,2017-03-15 07:05:35.277,2017,3,15,7
2017-03-15 07:05:35.277,2283,HTTP,78.159.54.154,614,Others,30,Male,IT,Normal,Spanish,2793.528,No,0.0,Debit Card,2017-03-15 07:05:35.277,2017,3,15,7
2017-03-15 07:06:20.076,4004,UDP  ,78.16.53.120,80,Others,55,Male,JP,Premium,Chinese,1000.02,No,0.0,Cash,2017-03-15 07:06:20.076,2017,3,15,7
2017-03-15 07:06:20.077,1557,ICMP ,78.162.109.145,108,Others,33,Male,PR,Premium,Spanish,65.94,No,0.0,Others,2017-03-15 07:06:20.077,2017,3,15,7
2017-03-15 07:07:27.966,2992,HTTP,78.162.245.127,556,Mozilla Firefox,51,Female,CA,Normal,Spanish,18.24,No,0.0,Credit Card,2017-03-15 07:07:27.966,2017,3,15,7
2017-03-15 07:07:27.966,3655,HTTP,78.163.63.118,515,Mozilla Firefox,48,Male,US,Normal,Spanish,76.12,No,0.0,Cash,2017-03-15 07:07:27.966,2017,3,15,7
2017-03-15 07:07:27.995,3935,HTTP,78.165.199.105,702,Mozilla Firefox,53,Female,NO,Normal,Spanish,7.64,No,0.0,Debit Card,2017-03-15 07:07:27.995,2017,3,15,7
2017-03-15 07:07:27.995,3430,HTTP,78.167.188.83,586,Mozilla Firefox,22,Female,RU,Normal,Spanish,68.16,No,0.0,Others,2017-03-15 07:07:27.995,2017,3,15,7
2017-03-15 07:11:26.128,3758,HTTP,78.168.15.203,46,Mozilla Firefox,69,Female,AR,Premium,Spanish,0.0,Yes,28.4,Cash,2017-03-15 07:11:26.128,2017,3,15,7
2017-03-15 07:11:26.128,2842,HTTP,78.17.2.136,40,Mozilla Firefox,40,Female,IN,Premium,Chinese,29.97,No,0.0,Credit Card,2017-03-15 07:11:26.128,2017,3,15,7
2017-03-15 07:08:27.934,2539,HTTP,78.17.214.34,561,Android App,61,Female,US,Normal,Chinese,125.7,No,0.0,Cash,2017-03-15 07:08:27.934,2017,3,15,7
2017-03-15 07:08:27.934,3488,HTTP,78.17.244.106,589,Android App,59,Male,IT,Normal,Chinese,191.98,No,0.0,Cash,2017-03-15 07:08:27.934,2017,3,15,7
2017-03-15 07:08:28.091,4926,HTTP,78.173.202.90,1727,Android App,32,Male,IT,Normal,Chinese,20.86,No,0.0,Others,2017-03-15 07:08:28.091,2017,3,15,7
2017-03-15 07:08:28.091,3453,HTTP,78.174.180.6,579,Android App,34,Male,IT,Normal,Spanish,56.7,No,0.0,Others,2017-03-15 07:08:28.091,2017,3,15,7
2017-03-15 07:08:33.216,2030,HTTP,78.174.229.28,556,Android App,58,Female,IT,Normal,Spanish,72.704,No,0.0,Credit Card,2017-03-15 07:08:33.216,2017,3,15,7
2017-03-15 07:08:33.216,2669,HTTP,78.174.78.112,515,Android App,63,Male,US,Normal,Spanish,12.264,No,0.0,Cash,2017-03-15 07:08:33.216,2017,3,15,7
2017-03-15 07:08:33.216,3697,HTTP,78.174.82.61,702,Android App,63,Female,CA,Normal,Chinese,218.352,No,0.0,Debit Card,2017-03-15 07:08:33.216,2017,3,15,7
2017-03-15 07:08:33.216,3180,HTTP,78.175.228.231,586,Android App,54,Male,IT,Normal,Chinese,66.294,No,0.0,Cash,2017-03-15 07:08:33.216,2017,3,15,7
2017-03-15 07:12:05.534,4760,HTTP,78.178.41.150,46,Android App,30,Female,IT,Premium,Spanish,291.168,No,0.0,Cash,2017-03-15 07:12:05.534,2017,3,15,7
2017-03-15 07:12:05.534,2863,HTTP,78.18.212.193,40,Android App,58,Female,PL,Premium,Chinese,88.776,No,0.0,Debit Card,2017-03-15 07:12:05.534,2017,3,15,7
2017-03-15 07:12:12.091,4891,HTTP,78.18.245.195,46,Android App,28,Female,JP,Premium,Chinese,110.376,No,0.0,Cash,2017-03-15 07:12:12.091,2017,3,15,7
2017-03-15 07:12:12.091,4844,HTTP,78.183.13.75,40,Android App,50,Female,IT,Premium,Chinese,55.176,No,0.0,Credit Card,2017-03-15 07:12:12.091,2017,3,15,7
2017-03-15 07:12:16.702,4478,HTTP,78.183.197.45,92,Android App,62,Female,CN,Premium,Spanish,30.32,No,0.0,Cash,2017-03-15 07:12:16.702,2017,3,15,7
2017-03-15 07:12:16.702,2539,HTTP,78.184.147.58,40,Android App,34,Female,US,Premium,Spanish,177.568,No,0.0,Cash,2017-03-15 07:12:16.702,2017,3,15,7
2017-03-15 07:09:33.200,3993,HTTP,78.184.231.224,561,Android App,31,Female,US,Normal,Spanish,19.44,No,0.0,Others,2017-03-15 07:09:33.200,2017,3,15,7
2017-03-15 07:09:33.200,3477,HTTP,78.184.55.93,589,Android App,62,Female,US,Normal,Spanish,71.28,No,0.0,Others,2017-03-15 07:09:33.200,2017,3,15,7
2017-03-15 07:09:33.529,3692,HTTP,78.186.106.53,1727,Android App,47,Female,SE,Normal,Spanish,1471.96,No,0.0,Cash,2017-03-15 07:09:33.529,2017,3,15,7
2017-03-15 07:09:33.529,2491,HTTP,78.187.216.252,579,Android App,33,Male,RU,Normal,Spanish,79.96,No,0.0,Others,2017-03-15 07:09:33.529,2017,3,15,7
2017-03-15 07:13:02.194,3970,HTTP,78.187.3.24,46,Android App,50,Male,CN,Premium,Spanish,57.576,No,0.0,Debit Card,2017-03-15 07:13:02.194,2017,3,15,7
2017-03-15 07:13:02.194,4163,HTTP,78.191.10.115,40,Android App,55,Female,NO,Premium,Chinese,26.336,No,0.0,Cash,2017-03-15 07:13:02.194,2017,3,15,7
2017-03-15 07:10:27.966,1640,HTTP,78.191.104.35,556,Android App,63,Female,IN,Normal,Chinese,166.5,No,0.0,Cash,2017-03-15 07:10:27.966,2017,3,15,7
2017-03-15 07:10:27.966,2891,HTTP,78.192.84.102,515,Android App,52,Female,IT,Normal,Chinese,0.0,No,0.0,Credit Card,2017-03-15 07:10:27.966,2017,3,15,7
2017-03-15 07:10:27.996,4771,HTTP,78.193.112.209,702,Chrome,57,Male,IT,Normal,French,11.744,No,0.0,Cash,2017-03-15 07:10:27.996,2017,3,15,7
2017-03-15 07:10:27.996,3169,HTTP,78.193.176.102,586,Mozilla Firefox,47,Female,PL,Normal,French,247.44,No,0.0,Credit Card,2017-03-15 07:10:27.996,2017,3,15,7
2017-03-15 07:10:29.535,3820,HTTP,78.193.184.32,639,Mozilla Firefox,52,Female,JP,Normal,Chinese,18.24,No,0.0,Cash,2017-03-15 07:10:29.535,2017,3,15,7
2017-03-15 07:10:29.535,3526,HTTP,78.197.106.210,614,Mozilla Firefox,49,Female,CH,Normal,French,25.35,No,0.0,Credit Card,2017-03-15 07:10:29.535,2017,3,15,7
2017-03-15 07:11:33.216,2666,HTTP,78.198.172.78,702,Mozilla Firefox,60,Female,US,Normal,Chinese,119.04,No,0.0,Cash,2017-03-15 07:11:33.216,2017,3,15,7
2017-03-15 07:11:33.216,4245,HTTP,78.20.80.7,586,Mozilla Firefox,18,Female,IT,Normal,Dutch,22.14,No,0.0,Cash,2017-03-15 07:11:33.216,2017,3,15,7
2017-03-15 07:11:33.216,2268,HTTP,78.203.156.73,556,Mozilla Firefox,35,Male,US,Normal,Chinese,13.98,No,0.0,Cash,2017-03-15 07:11:33.216,2017,3,15,7
2017-03-15 07:11:33.216,1851,HTTP,78.210.0.252,515,Mozilla Firefox,38,Female,IN,Normal,Chinese,43.41,No,0.0,Cash,2017-03-15 07:11:33.216,2017,3,15,7
2017-03-15 07:11:34.984,3054,HTTP,78.212.155.30,639,Mozilla Firefox,35,Male,IT,Normal,Chinese,6.24,No,0.0,Cash,2017-03-15 07:11:34.984,2017,3,15,7
2017-03-15 07:11:34.984,1748,HTTP,78.213.1.24,614,Mozilla Firefox,48,Female,SE,Normal,Chinese,465.16,No,0.0,Debit Card,2017-03-15 07:11:34.984,2017,3,15,7
2017-03-15 07:14:35.687,4015,HTTP,78.214.187.228,46,Mozilla Firefox,26,Male,JP,Premium,Chinese,7.98,No,0.0,Cash,2017-03-15 07:14:35.687,2017,3,15,7
2017-03-15 07:14:35.687,4640,HTTP,78.215.77.226,40,Android App,28,Female,IN,Premium,French,2.394,No,0.0,Debit Card,2017-03-15 07:14:35.687,2017,3,15,7
2017-03-15 07:13:27.935,2055,HTTP,78.216.28.222,561,Chrome,54,Female,US,Normal,Chinese,58.32,No,0.0,Others,2017-03-15 07:13:27.935,2017,3,15,7
2017-03-15 07:13:27.935,4647,HTTP,78.220.138.168,589,Chrome,42,Female,RU,Normal,French,200.97,No,0.0,Debit Card,2017-03-15 07:13:27.935,2017,3,15,7
2017-03-15 07:13:27.965,4853,HTTP,78.222.0.208,556,Chrome,61,Female,CA,Normal,French,21.36,No,0.0,Debit Card,2017-03-15 07:13:27.965,2017,3,15,7
2017-03-15 07:13:27.965,4823,HTTP,78.222.112.98,515,Chrome,67,Female,IT,Normal,Chinese,9.856,No,0.0,Debit Card,2017-03-15 07:13:27.965,2017,3,15,7
2017-03-15 07:13:27.998,2043,HTTP,78.222.112.98,702,Chrome,49,Female,US,Normal,Chinese,3.444,No,0.0,Others,2017-03-15 07:13:27.998,2017,3,15,7
2017-03-15 07:13:27.998,2095,HTTP,78.222.230.243,586,Chrome,56,Male,PR,Normal,Chinese,384.592,No,0.0,Cash,2017-03-15 07:13:27.998,2017,3,15,7
2017-03-15 07:13:28.013,4180,HTTP,78.224.173.168,1727,IOS App,44,Female,IT,Normal,Chinese,22.92,No,0.0,Cash,2017-03-15 07:13:28.013,2017,3,15,7
2017-03-15 07:13:28.013,1805,HTTP,78.226.132.133,579,IOS App,30,Female,CA,Normal,French,11.36,No,0.0,Debit Card,2017-03-15 07:13:28.013,2017,3,15,7
2017-03-15 07:16:40.169,3070,HTTP,78.228.172.34,46,IOS App,31,Male,IT,Premium,Chinese,14.592,No,0.0,Credit Card,2017-03-15 07:16:40.169,2017,3,15,7
2017-03-15 07:16:40.169,4617,HTTP,78.228.98.40,40,IOS App,42,Male,RU,Premium,French,41.4,No,0.0,Debit Card,2017-03-15 07:16:40.169,2017,3,15,7
2017-03-15 07:14:33.202,4313,HTTP,78.228.98.40,561,IOS App,56,Male,SE,Normal,French,442.372,No,0.0,Credit Card,2017-03-15 07:14:33.202,2017,3,15,7
2017-03-15 07:14:33.202,4092,HTTP,78.230.184.141,589,IOS App,30,Female,GB,Normal,French,34.5,No,0.0,Credit Card,2017-03-15 07:14:33.202,2017,3,15,7
2017-03-15 07:14:33.214,1681,HTTP,78.230.184.141,556,IOS App,58,Female,IT,Normal,French,28.85,No,0.0,Cash,2017-03-15 07:14:33.214,2017,3,15,7
2017-03-15 07:14:33.214,4121,HTTP,78.230.71.7,515,Microsoft Edge,54,Female,US,Normal,Chinese,3.488,No,0.0,Credit Card,2017-03-15 07:14:33.214,2017,3,15,7
2017-03-15 07:14:33.214,4929,HTTP,78.23.43.200,702,Microsoft Edge,52,Female,US,Normal,Chinese,143.856,No,0.0,Credit Card,2017-03-15 07:14:33.214,2017,3,15,7
2017-03-15 07:14:33.214,4735,HTTP,78.231.235.68,586,Microsoft Edge,37,Female,US,Normal,Chinese,311.98,No,0.0,Cash,2017-03-15 07:14:33.214,2017,3,15,7
2017-03-15 07:14:34.270,4208,HTTP,78.232.16.111,1727,Microsoft Edge,40,Female,IT,Normal,Chinese,22.45,No,0.0,Cash,2017-03-15 07:14:34.270,2017,3,15,7
2017-03-15 07:14:34.270,2268,HTTP,78.233.58.124,579,Microsoft Edge,25,Female,PL,Normal,Chinese,39.992,No,0.0,Credit Card,2017-03-15 07:14:34.270,2017,3,15,7
2017-03-15 07:18:06.861,1549,HTTP,78.236.62.55,46,Microsoft Edge,64,Female,IT,Premium,French,1159.056,No,0.0,Cash,2017-03-15 07:18:06.861,2017,3,15,7
2017-03-15 07:18:06.861,4615,HTTP,78.237.112.216,40,Safari,18,Female,PL,Premium,Chinese,179.9,No,0.0,Debit Card,2017-03-15 07:18:06.861,2017,3,15,7
2017-03-15 07:18:21.315,2180,HTTP,78.237.44.120,46,Safari,22,Male,CA,Premium,Chinese,116.312,No,0.0,Cash,2017-03-15 07:18:21.315,2017,3,15,7
2017-03-15 07:18:21.315,2647,HTTP,78.238.179.220,40,Safari,31,Female,CO,Premium,French,12.42,No,0.0,Cash,2017-03-15 07:18:21.315,2017,3,15,7
2017-03-15 07:18:27.871,4392,HTTP,78.239.72.190,92,Safari,28,Male,PL,Premium,French,428.4,No,0.0,Cash,2017-03-15 07:18:27.871,2017,3,15,7
2017-03-15 07:18:27.871,2923,HTTP,78.240.155.83,44,Others,28,Female,CA,Premium,Chinese,24.75,No,0.0,Cash,2017-03-15 07:18:27.871,2017,3,15,7
2017-03-15 07:19:06.710,2351,HTTP,78.242.131.44,40,Others,68,Female,AR,Premium,French,87.71,No,0.0,Debit Card,2017-03-15 07:19:06.710,2017,3,15,7
2017-03-15 07:19:06.710,3493,HTTP,78.242.96.8,46,Others,37,Female,PL,Premium,French,69.52,No,0.0,Others,2017-03-15 07:19:06.710,2017,3,15,7
2017-03-15 07:16:27.966,3721,HTTP,78.244.132.10,556,Others,65,Male,IN,Normal,French,20.784,No,0.0,Credit Card,2017-03-15 07:16:27.966,2017,3,15,7
2017-03-15 07:16:27.966,3498,HTTP,78.248.156.210,515,Others,48,Male,KR,Normal,German,12.816,No,0.0,Credit Card,2017-03-15 07:16:27.966,2017,3,15,7
2017-03-15 07:16:27.996,2521,HTTP,78.249.104.134,702,Others,18,Female,CA,Normal,Chinese,0.0,Yes,192.16,Debit Card,2017-03-15 07:16:27.996,2017,3,15,7
2017-03-15 07:16:27.996,2546,HTTP,78.250.231.84,586,Others,28,Male,CN,Normal,French,63.824,No,0.0,Credit Card,2017-03-15 07:16:27.996,2017,3,15,7
2017-03-15 07:16:28.984,2393,HTTP,78.25.121.136,639,Others,33,Female,AT,Normal,Russian,141.552,No,0.0,Cash,2017-03-15 07:16:28.984,2017,3,15,7
2017-03-15 07:16:28.984,3307,HTTP,78.25.123.174,614,Others,61,Female,US,Normal,Russian,304.9,No,0.0,Cash,2017-03-15 07:16:28.984,2017,3,15,7
2017-03-15 07:20:07.947,3500,HTTP,78.25.123.233,46,Others,44,Female,CA,Premium,Russian,563.24,No,0.0,Debit Card,2017-03-15 07:20:07.947,2017,3,15,7
2017-03-15 07:20:07.947,3776,HTTP,78.25.39.55,40,Safari,33,Female,SE,Premium,Russian,661.176,No,0.0,Debit Card,2017-03-15 07:20:07.947,2017,3,15,7
2017-03-15 07:17:33.220,1871,HTTP,78.25.5.176,702,Safari,23,Male,CH,Normal,Russian,239.976,No,0.0,Cash,2017-03-15 07:17:33.220,2017,3,15,7
2017-03-15 07:17:33.220,3113,HTTP,78.25.63.106,586,Safari,43,Female,IN,Normal,Spanish,502.488,No,0.0,Debit Card,2017-03-15 07:17:33.220,2017,3,15,7
2017-03-15 07:17:33.220,2040,HTTP,78.251.6.124,556,Safari,66,Male,IN,Normal,French,196.704,No,0.0,Others,2017-03-15 07:17:33.220,2017,3,15,7
2017-03-15 07:17:33.220,2713,HTTP,78.252.169.3,515,Safari,40,Female,US,Normal,French,915.136,No,0.0,Cash,2017-03-15 07:17:33.220,2017,3,15,7
2017-03-15 07:17:34.677,4957,HTTP,78.26.130.15,639,Safari,37,Female,NO,Normal,Spanish,327.76,No,0.0,Cash,2017-03-15 07:17:34.677,2017,3,15,7
2017-03-15 07:17:34.677,1603,HTTP,78.27.157.98,614,IOS App,32,Female,IN,Normal,Spanish,701.96,No,0.0,Cash,2017-03-15 07:17:34.677,2017,3,15,7
2017-03-15 07:18:27.934,4617,HTTP,78.27.178.34,561,Microsoft Edge,49,Female,JP,Normal,Russian,88.776,No,0.0,Cash,2017-03-15 07:18:27.934,2017,3,15,7
2017-03-15 07:18:27.934,3654,HTTP,78.29.111.113,589,Microsoft Edge,49,Female,PL,Normal,Russian,64.14,No,0.0,Cash,2017-03-15 07:18:27.934,2017,3,15,7
2017-03-15 07:18:28.091,1739,HTTP,78.29.194.109,1727,Microsoft Edge,68,Male,GB,Normal,French,33.552,No,0.0,Debit Card,2017-03-15 07:18:28.091,2017,3,15,7
2017-03-15 07:18:28.091,3427,HTTP,78.29.212.78,579,IOS App,55,Female,CA,Normal,Dutch,1737.18,No,0.0,Cash,2017-03-15 07:18:28.091,2017,3,15,7
2017-03-15 07:19:27.967,3917,HTTP,78.30.156.104,556,IOS App,51,Male,SE,Normal,Chinese,704.25,No,0.0,Others,2017-03-15 07:19:27.967,2017,3,15,7
2017-03-15 07:19:27.967,4181,HTTP,78.32.139.239,515,IOS App,48,Female,JP,Normal,Chinese,141.76,No,0.0,Credit Card,2017-03-15 07:19:27.967,2017,3,15,7
2017-03-15 07:19:27.996,2900,HTTP,78.33.212.249,702,IOS App,30,Female,CH,Normal,Chinese,36.36,No,0.0,Cash,2017-03-15 07:19:27.996,2017,3,15,7
2017-03-15 07:19:27.996,2064,HTTP,78.35.13.176,586,IOS App,45,Female,ZA,Normal,Chinese,25.83,No,0.0,Credit Card,2017-03-15 07:19:27.996,2017,3,15,7
2017-03-15 07:19:33.200,2412,HTTP,78.39.101.186,561,Chrome,47,Male,CA,Normal,Chinese,24.588,No,0.0,Cash,2017-03-15 07:19:33.200,2017,3,15,7
2017-03-15 07:19:33.200,2566,HTTP,78.40.0.4,589,Chrome,29,Male,AT,Normal,macedonian,13.984,No,0.0,Cash,2017-03-15 07:19:33.200,2017,3,15,7
2017-03-15 07:19:33.529,2923,HTTP,78.42.44.14,1727,Chrome,63,Female,CA,Normal,Chinese,195.96,No,0.0,Credit Card,2017-03-15 07:19:33.529,2017,3,15,7
2017-03-15 07:19:33.529,2902,HTTP,78.43.189.233,579,Chrome,25,Male,NO,Normal,Russian,74.352,No,0.0,Credit Card,2017-03-15 07:19:33.529,2017,3,15,7
2017-03-15 07:23:28.114,2252,HTTP,78.43.41.46,92,Chrome,22,Female,CA,Premium,Chinese,6.68,No,0.0,Credit Card,2017-03-15 07:23:28.114,2017,3,15,7
2017-03-15 07:23:28.114,2412,HTTP,78.43.41.81,40,Chrome,32,Male,MX,Premium,Chinese,17.584,No,0.0,Cash,2017-03-15 07:23:28.114,2017,3,15,7
2017-03-15 07:20:33.216,2535,HTTP,78.43.43.26,702,Chrome,21,Male,CA,Normal,Chinese,0.0,Yes,323.976,Cash,2017-03-15 07:20:33.216,2017,3,15,7
2017-03-15 07:20:33.216,2717,HTTP,78.46.156.169,586,Chrome,22,Female,IT,Normal,Chinese,47.952,No,0.0,Credit Card,2017-03-15 07:20:33.216,2017,3,15,7
2017-03-15 07:20:33.216,4132,HTTP,78.46.156.169,556,Chrome,41,Male,US,Normal,German,650.352,No,0.0,Credit Card,2017-03-15 07:20:33.216,2017,3,15,7
2017-03-15 07:20:33.216,2755,HTTP,78.46.156.169,515,Chrome,38,Female,US,Normal,German,629.184,No,0.0,Cash,2017-03-15 07:20:33.216,2017,3,15,7
2017-03-15 07:25:03.781,4941,HTTP,78.46.156.169,92,Others,31,Female,US,Premium,Chinese,15.176,No,0.0,Cash,2017-03-15 07:25:03.781,2017,3,15,7
2017-03-15 07:25:03.781,3629,HTTP,78.46.156.169,40,Others,41,Female,IT,Premium,Chinese,127.95,No,0.0,Cash,2017-03-15 07:25:03.781,2017,3,15,7
2017-03-15 07:22:27.966,4295,HTTP,78.46.156.169,556,Others,45,Female,RU,Normal,French,579.51,No,0.0,Credit Card,2017-03-15 07:22:27.966,2017,3,15,7
2017-03-15 07:22:27.966,3840,HTTP,78.46.156.169,515,Others,29,Male,RU,Normal,German,14.99,No,0.0,Credit Card,2017-03-15 07:22:27.966,2017,3,15,7
2017-03-15 07:22:27.996,2991,HTTP,78.46.156.169,702,Others,38,Female,JP,Normal,German,151.92,No,0.0,Credit Card,2017-03-15 07:22:27.996,2017,3,15,7
2017-03-15 07:22:27.996,4633,HTTP,78.46.156.169,586,Others,18,Male,IT,Normal,Chinese,196.62,No,0.0,Cash,2017-03-15 07:22:27.996,2017,3,15,7
2017-03-15 07:22:28.966,1984,HTTP,78.46.156.169,639,Mozilla Firefox,21,Male,US,Normal,Chinese,144.12,No,0.0,Credit Card,2017-03-15 07:22:28.966,2017,3,15,7
2017-03-15 07:22:28.966,2508,HTTP,78.46.156.169,614,Mozilla Firefox,25,Female,IT,Normal,French,15.96,No,0.0,Credit Card,2017-03-15 07:22:28.966,2017,3,15,7
2017-03-15 07:23:50.493,2813,HTTP,78.46.156.169,387,Mozilla Firefox,--,Unknown,CA,Not Logged In,Chinese,0.0,No,0.0,Others,2017-03-15 07:23:50.493,2017,3,15,7
2017-03-15 07:23:50.493,2082,HTTP,78.46.156.169,779,Mozilla Firefox,--,Unknown,JP,Not Logged In,German,0.0,No,0.0,Debit Card,2017-03-15 07:23:50.493,2017,3,15,7
2017-03-15 07:22:37.844,1711,HTTP,78.46.156.169,1683,Mozilla Firefox,--,Unknown,IT,Not Logged In,German,0.0,No,0.0,Cash,2017-03-15 07:22:37.844,2017,3,15,7
2017-03-15 07:22:37.844,4238,HTTP,78.46.156.169,721,Mozilla Firefox,--,Unknown,IT,Not Logged In,Chinese,0.0,No,0.0,Credit Card,2017-03-15 07:22:37.844,2017,3,15,7
2017-03-15 07:22:38.980,3035,HTTP,78.46.30.41,1526,Android App,--,Unknown,US,Not Logged In,Chinese,0.0,No,0.0,Cash,2017-03-15 07:22:38.980,2017,3,15,7
2017-03-15 07:22:38.980,4419,HTTP,78.54.152.45,721,Android App,--,Unknown,CA,Not Logged In,Chinese,0.0,No,0.0,Others,2017-03-15 07:22:38.980,2017,3,15,7
2017-03-15 07:23:27.935,2052,HTTP,78.56.152.17,561,Android App,69,Male,ZA,Normal,Chinese,13.98,No,0.0,Cash,2017-03-15 07:23:27.935,2017,3,15,7
2017-03-15 07:23:27.935,2081,HTTP,78.56.85.232,589,Android App,66,Female,IT,Normal,French,272.94,No,0.0,Credit Card,2017-03-15 07:23:27.935,2017,3,15,7
2017-03-15 07:23:28.092,4005,HTTP,78.56.85.232,1727,Android App,19,Female,CA,Normal,French,19.05,No,0.0,Credit Card,2017-03-15 07:23:28.092,2017,3,15,7
2017-03-15 07:23:28.092,4060,HTTP,78.56.85.232,579,Android App,66,Male,CN,Normal,French,247.716,No,0.0,Cash,2017-03-15 07:23:28.092,2017,3,15,7
2017-03-15 07:23:33.218,2159,HTTP,78.56.85.232,556,Android App,26,Male,US,Normal,French,66.58,No,0.0,Cash,2017-03-15 07:23:33.218,2017,3,15,7
2017-03-15 07:23:33.218,4318,HTTP,78.56.85.232,515,Android App,57,Female,CA,Normal,French,43.92,No,0.0,Debit Card,2017-03-15 07:23:33.218,2017,3,15,7
2017-03-15 07:23:33.218,2097,HTTP,78.56.85.232,702,Android App,53,Male,FR,Normal,French,14.73,No,0.0,Cash,2017-03-15 07:23:33.218,2017,3,15,7
2017-03-15 07:23:33.218,4159,HTTP,78.56.85.232,586,Android App,67,Female,FR,Normal,French,29.7,No,0.0,Cash,2017-03-15 07:23:33.218,2017,3,15,7
2017-03-15 07:23:34.683,4514,HTTP,78.56.85.232,639,Android App,40,Female,DE,Normal,French,49.12,No,0.0,Debit Card,2017-03-15 07:23:34.683,2017,3,15,7
2017-03-15 07:23:34.683,3196,HTTP,78.56.85.232,614,Android App,45,Female,US,Normal,French,18.28,No,0.0,Others,2017-03-15 07:23:34.683,2017,3,15,7
2017-03-15 07:27:05.468,3748,HTTP,78.56.85.232,40,Android App,44,Female,IN,Premium,French,47.04,No,0.0,Credit Card,2017-03-15 07:27:05.468,2017,3,15,7
2017-03-15 07:27:05.468,4043,HTTP,78.56.86.231,46,Android App,40,Female,IN,Premium,Chinese,339.96,No,0.0,Debit Card,2017-03-15 07:27:05.468,2017,3,15,7
2017-03-15 07:24:33.202,2530,HTTP,78.57.215.9,561,Android App,53,Male,IN,Normal,Chinese,87.8,No,0.0,Cash,2017-03-15 07:24:33.202,2017,3,15,7
2017-03-15 07:24:33.202,3951,HTTP,78.57.222.98,589,Android App,52,Male,IN,Normal,French,221.382,No,0.0,Credit Card,2017-03-15 07:24:33.202,2017,3,15,7
2017-03-15 07:24:33.530,4882,HTTP,78.58.107.18,1727,Android App,26,Female,PL,Normal,Chinese,5199.96,No,0.0,Cash,2017-03-15 07:24:33.530,2017,3,15,7
2017-03-15 07:24:33.530,3831,HTTP,78.58.162.45,579,Android App,27,Female,GB,Normal,Russian,156.512,No,0.0,Credit Card,2017-03-15 07:24:33.530,2017,3,15,7
2017-03-15 07:27:39.801,2344,HTTP,78.60.208.212,152,Android App,63,Male,CA,Premium,Chinese,119.85,No,0.0,Cash,2017-03-15 07:27:39.801,2017,3,15,7
2017-03-15 07:27:39.801,1996,HTTP,78.61.0.124,120,Android App,35,Female,SE,Premium,Chinese,30.44,No,0.0,Credit Card,2017-03-15 07:27:39.801,2017,3,15,7
2017-03-15 07:27:50.115,4078,HTTP,78.61.159.22,46,Chrome,35,Female,JP,Premium,German,69.28,No,0.0,Others,2017-03-15 07:27:50.115,2017,3,15,7
2017-03-15 07:27:50.115,3490,HTTP,78.61.195.249,40,Mozilla Firefox,39,Female,CH,Premium,Chinese,587.97,No,0.0,Credit Card,2017-03-15 07:27:50.115,2017,3,15,7
2017-03-15 07:28:03.731,2424,HTTP,78.62.72.142,40,Mozilla Firefox,34,Male,ZA,Premium,Russian,24.55,No,0.0,Cash,2017-03-15 07:28:03.731,2017,3,15,7
2017-03-15 07:28:03.731,2580,HTTP,78.62.74.150,46,Mozilla Firefox,29,Female,CA,Premium,Russian,12.176,No,0.0,Credit Card,2017-03-15 07:28:03.731,2017,3,15,7
2017-03-15 07:28:04.391,4083,HTTP,78.71.30.59,46,Mozilla Firefox,62,Female,AT,Premium,Chinese,37.32,No,0.0,Debit Card,2017-03-15 07:28:04.391,2017,3,15,7
2017-03-15 07:28:04.391,4465,HTTP,78.8.82.38,40,Mozilla Firefox,46,Female,CA,Premium,polish,35.06,No,0.0,Cash,2017-03-15 07:28:04.391,2017,3,15,7
2017-03-15 07:25:06.280,4388,ICMP ,78.83.220.255,46,Mozilla Firefox,32,Male,NO,Premium,Spanish,108.4,No,0.0,Credit Card,2017-03-15 07:25:06.280,2017,3,15,7
2017-03-15 07:25:06.280,2236,ICMP ,78.84.137.149,32,Mozilla Firefox,44,Female,FR,Premium,German,0.0,No,0.0,Credit Card,2017-03-15 07:25:06.280,2017,3,15,7
2017-03-15 07:25:27.966,4394,HTTP,78.84.167.211,556,Mozilla Firefox,25,Male,MX,Normal,Chinese,2.412,No,0.0,Debit Card,2017-03-15 07:25:27.966,2017,3,15,7
2017-03-15 07:25:27.966,4782,HTTP,78.84.167.211,515,Mozilla Firefox,44,Male,CA,Normal,Chinese,8.39,No,0.0,Credit Card,2017-03-15 07:25:27.966,2017,3,15,7
2017-03-15 07:25:27.996,1602,HTTP,78.85.243.195,702,Mozilla Firefox,66,Male,IT,Normal,Russian,337.98,No,0.0,Cash,2017-03-15 07:25:27.996,2017,3,15,7
2017-03-15 07:25:27.996,4107,HTTP,78.85.4.247,586,Android App,39,Male,US,Normal,Russian,83.92,No,0.0,Others,2017-03-15 07:25:27.996,2017,3,15,7
2017-03-15 07:26:33.217,3926,HTTP,78.87.42.159,702,Chrome,38,Male,US,Normal,French,19.68,No,0.0,Credit Card,2017-03-15 07:26:33.217,2017,3,15,7
2017-03-15 07:26:33.217,1695,HTTP,78.9.185.56,586,Chrome,20,Female,US,Normal,Chinese,25.92,No,0.0,Cash,2017-03-15 07:26:33.217,2017,3,15,7
2017-03-15 07:26:33.217,3922,HTTP,78.9.185.56,556,Chrome,32,Female,IT,Normal,Chinese,0.0,Yes,78.8528,Credit Card,2017-03-15 07:26:33.217,2017,3,15,7
2017-03-15 07:26:33.217,1816,HTTP,78.9.185.56,515,Chrome,22,Female,RU,Normal,Chinese,86.352,No,0.0,Cash,2017-03-15 07:26:33.217,2017,3,15,7
2017-03-15 07:29:40.735,4335,HTTP,78.9.185.56,40,Chrome,32,Female,RU,Premium,Chinese,56.3,No,0.0,Cash,2017-03-15 07:29:40.735,2017,3,15,7
2017-03-15 07:29:40.735,3952,HTTP,78.92.56.38,46,Chrome,68,Male,JP,Premium,Spanish,51.016,No,0.0,Debit Card,2017-03-15 07:29:40.735,2017,3,15,7
2017-03-15 07:26:50.620,4738,UDP  ,78.95.117.61,76,IOS App,68,Female,IT,Premium,Chinese,150.8,No,0.0,Credit Card,2017-03-15 07:26:50.620,2017,3,15,7
2017-03-15 07:26:50.620,4916,UDP  ,78.95.195.114,76,IOS App,58,Male,US,Premium,Arabic,1039.992,No,0.0,Cash,2017-03-15 07:26:50.620,2017,3,15,7
2017-03-15 07:30:37.328,3061,HTTP,78.95.36.200,46,IOS App,31,Female,IT,Premium,Chinese,51.84,No,0.0,Cash,2017-03-15 07:30:37.328,2017,3,15,7
2017-03-15 07:30:37.328,4312,HTTP,78.96.65.14,40,IOS App,25,Female,CA,Premium,Chinese,41.22,No,0.0,Credit Card,2017-03-15 07:30:37.328,2017,3,15,7
2017-03-15 07:30:54.000,1948,HTTP,78.96.65.14,144,IOS App,23,Female,JP,Premium,Chinese,240.37,No,0.0,Others,2017-03-15 07:30:54.000,2017,3,15,7
2017-03-15 07:30:54.000,3456,HTTP,78.97.244.50,120,IOS App,38,Male,IT,Premium,Chinese,119.02,No,0.0,Credit Card,2017-03-15 07:30:54.000,2017,3,15,7
2017-03-15 07:28:27.935,4079,HTTP,78.98.10.213,561,IOS App,62,Male,IT,Normal,Chinese,133.12,No,0.0,Credit Card,2017-03-15 07:28:27.935,2017,3,15,7
2017-03-15 07:28:27.935,1802,HTTP,78.98.151.220,589,Microsoft Edge,55,Male,US,Normal,Chinese,38.08,No,0.0,Debit Card,2017-03-15 07:28:27.935,2017,3,15,7
2017-03-15 07:28:27.965,2668,HTTP,78.99.240.196,556,Microsoft Edge,62,Male,CA,Normal,Chinese,113.568,No,0.0,Credit Card,2017-03-15 07:28:27.965,2017,3,15,7
2017-03-15 07:28:27.965,4284,HTTP,79.100.202.97,515,Microsoft Edge,24,Male,CN,Normal,Spanish,83.92,No,0.0,Credit Card,2017-03-15 07:28:27.965,2017,3,15,7
2017-03-15 07:28:27.996,3097,HTTP,79.100.206.86,702,Microsoft Edge,64,Female,CN,Normal,Spanish,6.63,No,0.0,Credit Card,2017-03-15 07:28:27.996,2017,3,15,7
2017-03-15 07:28:27.996,1983,HTTP,79.1.111.248,586,Microsoft Edge,49,Female,ZA,Normal,Chinese,371.97,No,0.0,Credit Card,2017-03-15 07:28:27.996,2017,3,15,7
2017-03-15 07:28:28.008,2511,HTTP,79.101.145.159,1727,Microsoft Edge,36,Male,IT,Normal,Spanish,561.584,No,0.0,Cash,2017-03-15 07:28:28.008,2017,3,15,7
2017-03-15 07:28:28.008,2288,HTTP,79.103.82.144,579,Safari,49,Male,CA,Normal,Chinese,99.92,No,0.0,Cash,2017-03-15 07:28:28.008,2017,3,15,7
2017-03-15 07:28:28.966,3296,HTTP,79.106.109.189,639,Safari,44,Male,CN,Normal,Chinese,4.928,No,0.0,Cash,2017-03-15 07:28:28.966,2017,3,15,7
2017-03-15 07:28:28.966,3570,HTTP,79.106.95.49,614,Safari,49,Female,US,Normal,Chinese,14.76,No,0.0,Credit Card,2017-03-15 07:28:28.966,2017,3,15,7
2017-03-15 07:29:33.201,2925,HTTP,79.107.143.187,561,Safari,63,Female,CA,Normal,Chinese,99.99,No,0.0,Cash,2017-03-15 07:29:33.201,2017,3,15,7
2017-03-15 07:29:33.201,3835,HTTP,79.109.112.130,589,Others,49,Male,AR,Normal,Spanish,286.15,No,0.0,Cash,2017-03-15 07:29:33.201,2017,3,15,7
2017-03-15 07:29:33.215,1877,HTTP,79.111.163.220,702,Others,64,Female,GB,Normal,Chinese,49.792,No,0.0,Credit Card,2017-03-15 07:29:33.215,2017,3,15,7
2017-03-15 07:29:33.215,3406,HTTP,79.112.166.252,586,Others,65,Female,DE,Normal,Chinese,299.975,No,0.0,Others,2017-03-15 07:29:33.215,2017,3,15,7
2017-03-15 07:29:33.216,3857,HTTP,79.113.51.33,556,Others,48,Female,US,Normal,Chinese,158.376,No,0.0,Credit Card,2017-03-15 07:29:33.216,2017,3,15,7
2017-03-15 07:29:33.216,4639,HTTP,79.119.244.212,515,Others,45,Male,IN,Normal,italian,32.784,No,0.0,Debit Card,2017-03-15 07:29:33.216,2017,3,15,7
2017-03-15 07:29:34.208,4804,HTTP,79.119.244.212,1727,Others,64,Female,CA,Normal,italian,47.984,No,0.0,Others,2017-03-15 07:29:34.208,2017,3,15,7
2017-03-15 07:29:34.208,4723,HTTP,79.119.28.44,579,Others,45,Female,AR,Normal,Chinese,62.592,No,0.0,Debit Card,2017-03-15 07:29:34.208,2017,3,15,7
2017-03-15 07:29:34.210,4109,HTTP,79.121.200.176,639,Others,61,Female,PL,Normal,Chinese,4.276,No,0.0,Cash,2017-03-15 07:29:34.210,2017,3,15,7
2017-03-15 07:29:34.210,2106,HTTP,79.124.98.187,614,Others,39,Male,IN,Normal,Chinese,10.56,No,0.0,Others,2017-03-15 07:29:34.210,2017,3,15,7
2017-03-15 07:33:10.311,3823,HTTP,79.125.188.176,92,Others,61,Female,KR,Premium,macedonian,229.94,No,0.0,Credit Card,2017-03-15 07:33:10.311,2017,3,15,7
2017-03-15 07:33:10.311,3707,HTTP,79.126.213.248,40,Safari,30,Male,CA,Premium,Chinese,311.15,No,0.0,Cash,2017-03-15 07:33:10.311,2017,3,15,7
2017-03-15 07:28:28.980,3061,HTTP,79.129.168.236,92,Safari,34,Female,CN,Normal,Chinese,12.96,No,0.0,Debit Card,2017-03-15 07:28:28.980,2017,3,15,7
2017-03-15 07:28:28.980,3880,HTTP,79.130.174.102,190,Safari,18,Male,AT,Normal,Chinese,14.62,No,0.0,Others,2017-03-15 07:28:28.980,2017,3,15,7
2017-03-15 07:34:01.916,4313,HTTP,79.130.177.253,46,SafFRi,33,Female,US,Premium,German,5.76,No,0.0,Cash,2017-03-15 07:34:01.916,2017,3,15,7
2017-03-15 07:34:01.916,2541,HTTP,79.133.145.189,40,Safari,26,Male,CA,Premium,Russian,21.48,No,0.0,Credit Card,2017-03-15 07:34:01.916,2017,3,15,7
2017-03-15 07:34:04.300,3088,HTTP,79.133.47.140,46,Safari,37,Male,SE,Premium,Chinese,396.92,No,0.0,Cash,2017-03-15 07:34:04.300,2017,3,15,7
2017-03-15 07:34:04.300,2540,HTTP,79.134.7.99,40,IOS App,37,Female,CH,Premium,Russian,17.15,No,0.0,Cash,2017-03-15 07:34:04.300,2017,3,15,7
2017-03-15 07:31:27.966,2105,HTTP,79.137.150.104,556,Microsoft Edge,26,Female,IN,Normal,Russian,23.12,No,0.0,Others,2017-03-15 07:31:27.966,2017,3,15,7
2017-03-15 07:31:27.966,2532,HTTP,79.137.150.114,515,Microsoft Edge,19,Female,IN,Normal,Russian,5.248,No,0.0,Others,2017-03-15 07:31:27.966,2017,3,15,7
2017-03-15 07:31:27.996,4269,HTTP,79.137.150.130,702,Microsoft Edge,56,Male,US,Normal,Russian,824.95,No,0.0,Credit Card,2017-03-15 07:31:27.996,2017,3,15,7
2017-03-15 07:31:27.996,1693,HTTP,79.137.150.153,586,IOS App,24,Male,NO,Normal,Russian,24.64,No,0.0,Cash,2017-03-15 07:31:27.996,2017,3,15,7
2017-03-15 07:34:52.819,3886,HTTP,79.137.150.155,92,IOS App,61,Female,IN,Premium,Russian,227.88,No,0.0,Debit Card,2017-03-15 07:34:52.819,2017,3,15,7
2017-03-15 07:34:52.819,2256,HTTP,79.137.150.180,44,IOS App,64,Female,JP,Premium,Russian,241.96,No,0.0,Cash,2017-03-15 07:34:52.819,2017,3,15,7
2017-03-15 07:32:33.217,3198,HTTP,79.137.150.196,702,IOS App,61,Female,PL,Normal,Russian,3.89,No,0.0,Cash,2017-03-15 07:32:33.217,2017,3,15,7
2017-03-15 07:32:33.217,3217,HTTP,79.137.150.203,586,IOS App,29,Female,GB,Normal,Spanish,8.01,No,0.0,Debit Card,2017-03-15 07:32:33.217,2017,3,15,7
2017-03-15 07:32:33.217,3554,HTTP,79.137.150.221,556,Chrome,24,Female,CA,Normal,Russian,177.48,No,0.0,Cash,2017-03-15 07:32:33.217,2017,3,15,7
2017-03-15 07:32:33.217,2085,HTTP,79.137.150.225,515,Chrome,68,Male,SE,Normal,Russian,569.568,No,0.0,Credit Card,2017-03-15 07:32:33.217,2017,3,15,7
2017-03-15 07:33:27.936,4678,HTTP,79.137.150.237,561,Chrome,46,Female,JP,Normal,Russian,149.73,No,0.0,Cash,2017-03-15 07:33:27.936,2017,3,15,7
2017-03-15 07:33:27.936,4513,HTTP,79.137.150.243,589,Chrome,29,Male,CH,Normal,Russian,899.43,No,0.0,Cash,2017-03-15 07:33:27.936,2017,3,15,7
2017-03-15 07:33:28.092,2218,HTTP,79.137.150.245,1727,Chrome,33,Male,ZA,Normal,Russian,46.2,No,0.0,Others,2017-03-15 07:33:28.092,2017,3,15,7
2017-03-15 07:33:28.092,2794,HTTP,79.137.150.25,579,Chrome,52,Female,CA,Normal,Russian,47.952,No,0.0,Others,2017-03-15 07:33:28.092,2017,3,15,7
2017-03-15 07:34:27.967,4940,HTTP,79.137.150.47,556,Chrome,21,Female,AT,Normal,Russian,7.992,No,0.0,Cash,2017-03-15 07:34:27.967,2017,3,15,7
2017-03-15 07:34:27.967,4174,HTTP,79.137.150.81,515,Chrome,43,Female,CA,Normal,Russian,76.864,No,0.0,Others,2017-03-15 07:34:27.967,2017,3,15,7
2017-03-15 07:34:27.996,3454,HTTP,79.137.181.113,702,Chrome,29,Female,NO,Normal,Russian,102.93,No,0.0,Debit Card,2017-03-15 07:34:27.996,2017,3,15,7
2017-03-15 07:34:27.996,2997,HTTP,79.137.181.114,586,Chrome,52,Male,CA,Normal,Russian,98.16,No,0.0,Cash,2017-03-15 07:34:27.996,2017,3,15,7
2017-03-15 07:34:28.978,4413,HTTP,79.137.181.140,639,Others,44,Male,MX,Normal,Chinese,11.52,No,0.0,Cash,2017-03-15 07:34:28.978,2017,3,15,7
2017-03-15 07:34:28.978,4247,HTTP,79.137.181.156,614,Others,64,Female,CA,Normal,Spanish,83.88,No,0.0,Credit Card,2017-03-15 07:34:28.978,2017,3,15,7
2017-03-15 07:34:33.201,4836,HTTP,79.137.181.161,561,Others,58,Male,IT,Normal,Russian,108.576,No,0.0,Cash,2017-03-15 07:34:33.201,2017,3,15,7
2017-03-15 07:34:33.201,4068,HTTP,79.137.181.166,589,Others,63,Female,US,Normal,Russian,5.984,No,0.0,Credit Card,2017-03-15 07:34:33.201,2017,3,15,7
2017-03-15 07:34:33.530,3674,HTTP,79.137.181.166,1727,Others,56,Male,US,Normal,Russian,21.96,No,0.0,Cash,2017-03-15 07:34:33.530,2017,3,15,7
2017-03-15 07:34:33.530,3165,HTTP,79.137.181.17,579,Others,33,Female,US,Normal,Russian,0.0,No,0.0,Credit Card,2017-03-15 07:34:33.530,2017,3,15,7
2017-03-15 07:37:50.651,3940,HTTP,79.137.181.185,92,Mozilla Firefox,68,Male,IT,Premium,Russian,12.39,No,0.0,Cash,2017-03-15 07:37:50.651,2017,3,15,7
2017-03-15 07:37:50.651,1558,HTTP,79.137.181.199,44,Mozilla Firefox,44,Male,RU,Premium,Russian,332.94,No,0.0,Cash,2017-03-15 07:37:50.651,2017,3,15,7
2017-03-15 07:38:02.846,3007,HTTP,79.137.181.1,46,Mozilla Firefox,44,Male,RU,Premium,Russian,111.93,No,0.0,Cash,2017-03-15 07:38:02.846,2017,3,15,7
2017-03-15 07:38:02.846,2478,HTTP,79.137.181.211,40,Mozilla Firefox,46,Male,JP,Premium,Russian,454.272,No,0.0,Cash,2017-03-15 07:38:02.846,2017,3,15,7
2017-03-15 07:34:53.109,2315,HTTP,79.137.181.218,1988,Mozilla Firefox,50,Male,IT,Premium,Russian,19.44,No,0.0,Cash,2017-03-15 07:34:53.109,2017,3,15,7
2017-03-15 07:34:53.109,3562,HTTP,79.137.181.240,3545,Mozilla Firefox,67,Female,US,Premium,Russian,0.0,Yes,63.312,Debit Card,2017-03-15 07:34:53.109,2017,3,15,7
2017-03-15 07:35:33.218,3302,HTTP,79.137.181.42,702,Android App,35,Female,IT,Normal,Russian,6.294,No,0.0,Cash,2017-03-15 07:35:33.218,2017,3,15,7
2017-03-15 07:35:33.218,2981,HTTP,79.137.181.54,586,Android App,53,Female,CA,Normal,Russian,10.368,No,0.0,Debit Card,2017-03-15 07:35:33.218,2017,3,15,7
2017-03-15 07:35:33.218,2419,HTTP,79.137.181.55,556,Android App,19,Male,JP,Normal,Spanish,122.382,No,0.0,Others,2017-03-15 07:35:33.218,2017,3,15,7
2017-03-15 07:35:33.218,4117,HTTP,79.137.181.66,515,Android App,34,Female,IT,Normal,Russian,25.984,No,0.0,Debit Card,2017-03-15 07:35:33.218,2017,3,15,7
2017-03-15 07:35:34.551,4913,HTTP,79.137.181.67,639,Android App,62,Male,IT,Normal,Russian,945.036,No,0.0,Debit Card,2017-03-15 07:35:34.551,2017,3,15,7
2017-03-15 07:35:34.551,4473,HTTP,79.137.181.96,614,Android App,35,Male,US,Normal,Russian,14.301,No,0.0,Debit Card,2017-03-15 07:35:34.551,2017,3,15,7
2017-03-15 07:39:33.547,2452,HTTP,79.137.181.99,40,Android App,32,Female,CA,Premium,Russian,410.352,No,0.0,Others,2017-03-15 07:39:33.547,2017,3,15,7
2017-03-15 07:39:33.547,2656,HTTP,79.138.133.165,46,Android App,34,Male,CN,Premium,swedish,23.52,No,0.0,Cash,2017-03-15 07:39:33.547,2017,3,15,7
2017-03-15 07:39:40.214,1840,HTTP,79.140.243.225,92,Android App,42,Female,CN,Premium,Chinese,180.96,No,0.0,Cash,2017-03-15 07:39:40.214,2017,3,15,7
2017-03-15 07:39:40.214,2958,HTTP,79.140.97.138,44,Android App,49,Female,ZA,Premium,Russian,35.0,No,0.0,Debit Card,2017-03-15 07:39:40.214,2017,3,15,7
2017-03-15 07:39:53.340,4045,HTTP,79.143.34.170,46,Android App,26,Female,IT,Premium,Russian,477.15,No,0.0,Credit Card,2017-03-15 07:39:53.340,2017,3,15,7
2017-03-15 07:39:53.340,2837,HTTP,79.143.45.50,40,Android App,53,Female,CA,Premium,Chinese,0.0,Yes,23.968,Debit Card,2017-03-15 07:39:53.340,2017,3,15,7
2017-03-15 07:37:27.967,2679,HTTP,79.144.46.221,556,Android App,67,Female,CN,Normal,Chinese,974.988,No,0.0,Credit Card,2017-03-15 07:37:27.967,2017,3,15,7
2017-03-15 07:37:27.967,2251,HTTP,79.151.114.81,515,Android App,47,Female,US,Normal,Chinese,589.41,No,0.0,Credit Card,2017-03-15 07:37:27.967,2017,3,15,7
2017-03-15 07:37:27.996,2723,HTTP,79.151.35.234,702,Android App,30,Male,CA,Normal,Spanish,34.7,No,0.0,Cash,2017-03-15 07:37:27.996,2017,3,15,7
2017-03-15 07:37:27.996,2173,HTTP,79.154.78.51,586,Android App,27,Male,AR,Normal,Spanish,99.87,No,0.0,Credit Card,2017-03-15 07:37:27.996,2017,3,15,7
2017-03-15 07:38:27.936,4926,HTTP,79.156.3.166,561,Android App,35,Female,GB,Normal,Chinese,37.94,No,0.0,Credit Card,2017-03-15 07:38:27.936,2017,3,15,7
2017-03-15 07:38:27.936,3454,HTTP,79.164.122.180,589,Android App,25,Male,DE,Normal,Chinese,24.9,No,0.0,Cash,2017-03-15 07:38:27.936,2017,3,15,7
2017-03-15 07:38:28.092,1600,HTTP,79.164.122.180,1727,Android App,52,Male,US,Normal,Chinese,82.26,No,0.0,Cash,2017-03-15 07:38:28.092,2017,3,15,7
2017-03-15 07:38:28.092,3186,HTTP,79.164.132.175,579,Android App,31,Male,JP,Normal,Chinese,7.104,No,0.0,Credit Card,2017-03-15 07:38:28.092,2017,3,15,7
2017-03-15 07:38:33.218,3614,HTTP,79.165.16.135,702,Android App,35,Male,AU,Normal,Chinese,0.0,Yes,102.36,Cash,2017-03-15 07:38:33.218,2017,3,15,7
2017-03-15 07:38:33.218,3199,HTTP,79.165.61.28,586,Android App,65,Female,IT,Normal,Russian,2.464,No,0.0,Debit Card,2017-03-15 07:38:33.218,2017,3,15,7
2017-03-15 07:38:33.218,2411,HTTP,79.166.242.150,556,Chrome,45,Female,RU,Normal,German,8.72,No,0.0,Cash,2017-03-15 07:38:33.218,2017,3,15,7
2017-03-15 07:38:33.218,3355,HTTP,79.169.231.106,515,Mozilla Firefox,21,Female,CH,Normal,Chinese,10.76,No,0.0,Cash,2017-03-15 07:38:33.218,2017,3,15,7
2017-03-15 07:42:14.526,3596,HTTP,79.17.112.222,40,Mozilla Firefox,65,Female,AR,Premium,Chinese,45.68,No,0.0,Cash,2017-03-15 07:42:14.526,2017,3,15,7
2017-03-15 07:42:14.526,3124,HTTP,79.171.53.72,46,Mozilla Firefox,38,Female,FI,Premium,Chinese,6.7,No,0.0,Cash,2017-03-15 07:42:14.526,2017,3,15,7
2017-03-15 07:39:33.201,3236,HTTP,79.173.12.147,561,Mozilla Firefox,38,Male,IN,Normal,Chinese,158.376,No,0.0,Debit Card,2017-03-15 07:39:33.201,2017,3,15,7
2017-03-15 07:39:33.201,2775,HTTP,79.176.43.120,589,Mozilla Firefox,25,Female,CA,Normal,Chinese,3.44,No,0.0,Others,2017-03-15 07:39:33.201,2017,3,15,7
2017-03-15 07:39:33.530,1956,HTTP,79.177.105.25,1727,Mozilla Firefox,27,Male,AU,Normal,Chinese,56.56,No,0.0,Credit Card,2017-03-15 07:39:33.530,2017,3,15,7
2017-03-15 07:39:33.530,2553,HTTP,79.178.140.92,579,Mozilla Firefox,40,Female,CA,Normal,Russian,36.96,No,0.0,Credit Card,2017-03-15 07:39:33.530,2017,3,15,7
2017-03-15 07:39:40.715,3465,HTTP,79.178.45.225,1988,Mozilla Firefox,27,Male,IT,Premium,Russian,135.99,No,0.0,Debit Card,2017-03-15 07:39:40.715,2017,3,15,7
2017-03-15 07:39:40.715,2857,HTTP,79.18.222.157,3545,Mozilla Firefox,60,Female,IT,Premium,Russian,15.96,No,0.0,Credit Card,2017-03-15 07:39:40.715,2017,3,15,7
2017-03-15 07:42:54.591,3033,HTTP,79.184.80.80,46,Mozilla Firefox,59,Male,IT,Premium,Spanish,3.76,No,0.0,Cash,2017-03-15 07:42:54.591,2017,3,15,7
2017-03-15 07:42:54.591,4913,HTTP,79.185.221.198,40,Android App,64,Female,AU,Premium,polish,14.7,No,0.0,Cash,2017-03-15 07:42:54.591,2017,3,15,7
2017-03-15 07:43:00.415,4187,HTTP,79.191.174.201,40,Chrome,62,Female,IT,Premium,Chinese,37.2,No,0.0,Debit Card,2017-03-15 07:43:00.415,2017,3,15,7
2017-03-15 07:43:00.415,3252,HTTP,79.194.91.244,46,Chrome,42,Male,IT,Premium,Chinese,89.97,No,0.0,Debit Card,2017-03-15 07:43:00.415,2017,3,15,7
2017-03-15 07:43:10.229,3364,HTTP,79.195.217.37,46,Chrome,37,Female,IT,Premium,Chinese,261.96,No,0.0,Cash,2017-03-15 07:43:10.229,2017,3,15,7
2017-03-15 07:43:10.229,4986,HTTP,79.204.248.248,40,Chrome,29,Female,US,Premium,Spanish,74.0,No,0.0,Debit Card,2017-03-15 07:43:10.229,2017,3,15,7
2017-03-15 07:43:16.548,3270,HTTP,79.210.145.97,46,Chrome,50,Female,RU,Premium,Chinese,13.28,No,0.0,Others,2017-03-15 07:43:16.548,2017,3,15,7
2017-03-15 07:43:16.548,2157,HTTP,79.210.224.244,40,Chrome,19,Female,CN,Premium,German,84.96,No,0.0,Cash,2017-03-15 07:43:16.548,2017,3,15,7
2017-03-15 07:40:27.967,3579,HTTP,79.211.10.9,556,IOS App,50,Female,CA,Normal,German,68.46,No,0.0,Cash,2017-03-15 07:40:27.967,2017,3,15,7
2017-03-15 07:40:27.967,3501,HTTP,79.214.34.137,515,IOS App,48,Female,CN,Normal,italian,2079.4,No,0.0,Cash,2017-03-15 07:40:27.967,2017,3,15,7
2017-03-15 07:40:27.996,4297,HTTP,79.220.109.158,702,IOS App,66,Female,CH,Normal,German,629.95,No,0.0,Cash,2017-03-15 07:40:27.996,2017,3,15,7
2017-03-15 07:40:27.996,2345,HTTP,79.22.204.94,586,IOS App,33,Female,CN,Normal,Chinese,72.42,No,0.0,Cash,2017-03-15 07:40:27.996,2017,3,15,7
2017-03-15 07:40:29.159,3216,HTTP,79.221.63.152,639,IOS App,26,Male,CA,Normal,German,131.98,No,0.0,Debit Card,2017-03-15 07:40:29.159,2017,3,15,7
2017-03-15 07:40:29.159,4731,HTTP,79.225.225.59,614,IOS App,31,Female,AT,Normal,italian,114.52,No,0.0,Cash,2017-03-15 07:40:29.159,2017,3,15,7
2017-03-15 07:43:37.273,4056,HTTP,79.228.208.10,46,IOS App,63,Female,GB,Premium,Chinese,100.24,No,0.0,Others,2017-03-15 07:43:37.273,2017,3,15,7
2017-03-15 07:43:37.273,4999,HTTP,79.229.78.88,40,Microsoft Edge,41,Male,CA,Premium,German,871.8,No,0.0,Credit Card,2017-03-15 07:43:37.273,2017,3,15,7
2017-03-15 07:43:46.013,2659,HTTP,79.233.123.130,40,Microsoft Edge,36,Female,JP,Premium,Chinese,61.96,No,0.0,Cash,2017-03-15 07:43:46.013,2017,3,15,7
2017-03-15 07:43:46.013,4556,HTTP,79.233.215.234,46,Microsoft Edge,48,Female,PL,Premium,German,4.554,No,0.0,Credit Card,2017-03-15 07:43:46.013,2017,3,15,7
2017-03-15 07:41:33.217,4950,HTTP,79.233.91.3,702,Microsoft Edge,51,Female,CH,Normal,italian,5.2,No,0.0,Cash,2017-03-15 07:41:33.217,2017,3,15,7
2017-03-15 07:41:33.217,1877,HTTP,79.234.25.40,586,Microsoft Edge,52,Female,US,Normal,Chinese,205.992,No,0.0,Cash,2017-03-15 07:41:33.217,2017,3,15,7
2017-03-15 07:41:33.218,4180,HTTP,79.234.56.195,556,Microsoft Edge,56,Male,RU,Normal,Russian,15.552,No,0.0,Credit Card,2017-03-15 07:41:33.218,2017,3,15,7
2017-03-15 07:41:33.218,4961,HTTP,79.239.150.128,515,Safari,63,Female,US,Normal,Chinese,503.96,No,0.0,Credit Card,2017-03-15 07:41:33.218,2017,3,15,7
2017-03-15 07:41:34.957,3567,HTTP,79.240.215.165,639,Safari,60,Female,US,Normal,Chinese,24.472,No,0.0,Credit Card,2017-03-15 07:41:34.957,2017,3,15,7
2017-03-15 07:41:34.957,3013,HTTP,79.241.47.215,568,Safari,31,Male,JP,Normal,German,241.568,No,0.0,Cash,2017-03-15 07:41:34.957,2017,3,15,7
2017-03-15 07:44:40.802,2477,HTTP,79.242.17.6,156,Safari,26,Female,AU,Premium,Chinese,110.4,No,0.0,Cash,2017-03-15 07:44:40.802,2017,3,15,7
2017-03-15 07:44:40.802,4483,HTTP,79.244.58.202,120,Others,40,Male,CA,Premium,Chinese,384.768,No,0.0,Credit Card,2017-03-15 07:44:40.802,2017,3,15,7
2017-03-15 07:45:12.087,2867,HTTP,79.248.233.195,46,Others,62,Female,NO,Premium,Chinese,78.66,No,0.0,Credit Card,2017-03-15 07:45:12.087,2017,3,15,7
2017-03-15 07:45:12.087,1536,HTTP,79.249.90.55,40,Others,41,Female,CH,Premium,Russian,45.36,No,0.0,Cash,2017-03-15 07:45:12.087,2017,3,15,7
2017-03-15 07:46:05.661,3450,HTTP,79.255.21.97,46,Others,67,Male,RU,Premium,Chinese,962.08,No,0.0,Cash,2017-03-15 07:46:05.661,2017,3,15,7
2017-03-15 07:46:05.661,4346,HTTP,79.26.157.234,40,Others,22,Male,SE,Premium,Chinese,12.843,No,0.0,Cash,2017-03-15 07:46:05.661,2017,3,15,7
2017-03-15 07:43:27.937,2357,HTTP,79.26.165.182,561,Others,51,Male,IT,Normal,Chinese,295.456,No,0.0,Credit Card,2017-03-15 07:43:27.937,2017,3,15,7
2017-03-15 07:43:27.937,2778,HTTP,79.30.147.251,589,Others,27,Female,US,Normal,Chinese,32.4,No,0.0,Credit Card,2017-03-15 07:43:27.937,2017,3,15,7
2017-03-15 07:43:27.965,3873,HTTP,79.3.90.55,556,Others,42,Female,CA,Normal,Chinese,0.0,Yes,355.96,Credit Card,2017-03-15 07:43:27.965,2017,3,15,7
2017-03-15 07:43:27.965,1998,HTTP,79.46.99.11,515,Others,56,Female,DE,Normal,Chinese,289.568,No,0.0,Cash,2017-03-15 07:43:27.965,2017,3,15,7
2017-03-15 07:43:27.997,2832,HTTP,79.47.115.191,702,Others,44,Male,CA,Normal,italian,39.72,No,0.0,Credit Card,2017-03-15 07:43:27.997,2017,3,15,7
2017-03-15 07:43:27.997,2320,HTTP,79.51.255.175,586,Safari,54,Female,JP,Normal,italian,244.768,No,0.0,Credit Card,2017-03-15 07:43:27.997,2017,3,15,7
2017-03-15 07:43:28.008,2618,HTTP,79.53.81.216,1727,Safari,65,Male,JP,Normal,Chinese,24.0,No,0.0,Others,2017-03-15 07:43:28.008,2017,3,15,7
2017-03-15 07:43:28.008,2292,HTTP,79.6.37.215,579,Safari,62,Female,GB,Normal,Chinese,15.552,No,0.0,Debit Card,2017-03-15 07:43:28.008,2017,3,15,7
2017-03-15 07:43:29.533,3989,UDP  ,79.64.121.187,64,Safari,66,Female,IT,Premium,Chinese,26.176,No,0.0,Cash,2017-03-15 07:43:29.533,2017,3,15,7
2017-03-15 07:43:29.533,4417,ICMP ,79.64.128.240,92,Safari,66,Female,AT,Premium,Chinese,20.94,No,0.0,Credit Card,2017-03-15 07:43:29.533,2017,3,15,7
2017-03-15 07:46:39.378,1667,HTTP,79.64.161.108,46,Safari,45,Male,IT,Premium,Chinese,135.09,No,0.0,Cash,2017-03-15 07:46:39.378,2017,3,15,7
2017-03-15 07:46:39.378,4191,HTTP,79.66.137.9,40,IOS App,43,Female,CH,Premium,Spanish,279.86,No,0.0,Others,2017-03-15 07:46:39.378,2017,3,15,7
2017-03-15 07:47:27.412,1994,HTTP,79.66.137.9,46,Microsoft Edge,36,Female,IT,Premium,Spanish,90.06,No,0.0,Cash,2017-03-15 07:47:27.412,2017,3,15,7
2017-03-15 07:47:27.412,3131,HTTP,79.67.107.230,40,Microsoft Edge,43,Female,MX,Premium,Chinese,539.964,No,0.0,Credit Card,2017-03-15 07:47:27.412,2017,3,15,7
2017-03-15 07:44:33.201,4846,HTTP,79.67.14.39,561,Microsoft Edge,33,Male,IT,Normal,Chinese,50.232,No,0.0,Cash,2017-03-15 07:44:33.201,2017,3,15,7
2017-03-15 07:44:33.201,3807,HTTP,79.67.95.23,589,IOS App,50,Female,IT,Normal,Chinese,19.242,No,0.0,Credit Card,2017-03-15 07:44:33.201,2017,3,15,7
2017-03-15 07:44:33.215,4330,HTTP,79.68.161.43,702,IOS App,41,Male,KR,Normal,Chinese,1247.64,No,0.0,Credit Card,2017-03-15 07:44:33.215,2017,3,15,7
2017-03-15 07:44:33.215,2202,HTTP,79.68.171.99,586,IOS App,37,Male,IT,Normal,Chinese,5.304,No,0.0,Cash,2017-03-15 07:44:33.215,2017,3,15,7
2017-03-15 07:44:33.216,2751,HTTP,79.68.186.210,556,IOS App,69,Female,PR,Normal,Chinese,19.136,No,0.0,Cash,2017-03-15 07:44:33.216,2017,3,15,7
2017-03-15 07:44:33.216,3277,HTTP,79.68.229.114,515,IOS App,69,Female,AU,Normal,Chinese,332.832,No,0.0,Debit Card,2017-03-15 07:44:33.216,2017,3,15,7
2017-03-15 07:44:34.285,1969,HTTP,79.68.241.66,1727,Chrome,27,Male,US,Normal,Chinese,279.9,No,0.0,Cash,2017-03-15 07:44:34.285,2017,3,15,7
2017-03-15 07:44:34.285,3291,HTTP,79.70.85.154,533,Chrome,30,Female,IT,Normal,Chinese,50.352,No,0.0,Cash,2017-03-15 07:44:34.285,2017,3,15,7
2017-03-15 07:46:27.967,2247,HTTP,79.70.96.140,556,Chrome,68,Female,US,Normal,Chinese,34.02,No,0.0,Debit Card,2017-03-15 07:46:27.967,2017,3,15,7
2017-03-15 07:46:27.967,1811,HTTP,79.7.148.57,515,Chrome,21,Female,RU,Normal,Chinese,23.88,No,0.0,Others,2017-03-15 07:46:27.967,2017,3,15,7
2017-03-15 07:46:27.996,3895,HTTP,79.71.226.185,702,Chrome,41,Female,IT,Normal,Chinese,11.52,No,0.0,Credit Card,2017-03-15 07:46:27.996,2017,3,15,7
2017-03-15 07:46:27.996,3845,HTTP,79.71.80.211,586,Chrome,20,Female,SE,Normal,Chinese,286.93,No,0.0,Debit Card,2017-03-15 07:46:27.996,2017,3,15,7
2017-03-15 07:46:29.170,4921,HTTP,79.73.194.56,639,Chrome,64,Female,AR,Normal,Chinese,206.384,No,0.0,Cash,2017-03-15 07:46:29.170,2017,3,15,7
2017-03-15 07:46:29.170,2050,HTTP,79.75.219.24,614,Chrome,28,Male,GB,Normal,Chinese,218.352,No,0.0,Credit Card,2017-03-15 07:46:29.170,2017,3,15,7
2017-03-15 07:47:33.217,2666,HTTP,79.75.99.3,702,Chrome,58,Female,IT,Normal,Chinese,529.9,No,0.0,Cash,2017-03-15 07:47:33.217,2017,3,15,7
2017-03-15 07:47:33.217,3175,HTTP,79.76.83.170,586,Chrome,40,Male,IT,Normal,Chinese,99.3,No,0.0,Credit Card,2017-03-15 07:47:33.217,2017,3,15,7
2017-03-15 07:47:33.217,4013,HTTP,79.77.55.10,556,Others,54,Male,CH,Normal,Chinese,108.96,No,0.0,Cash,2017-03-15 07:47:33.217,2017,3,15,7
2017-03-15 07:47:33.217,3609,HTTP,79.77.62.236,515,Others,21,Female,US,Normal,Chinese,2.688,No,0.0,Credit Card,2017-03-15 07:47:33.217,2017,3,15,7
2017-03-15 07:47:34.554,2836,HTTP,79.77.74.21,639,Others,21,Male,CN,Normal,Chinese,5443.96,No,0.0,Others,2017-03-15 07:47:34.554,2017,3,15,7
2017-03-15 07:47:34.554,1806,HTTP,79.78.53.69,614,Others,40,Female,GB,Normal,Chinese,302.67,No,0.0,Credit Card,2017-03-15 07:47:34.554,2017,3,15,7
2017-03-15 07:51:08.575,2210,HTTP,79.79.234.42,46,Others,49,Female,GB,Premium,Chinese,56.07,No,0.0,Cash,2017-03-15 07:51:08.575,2017,3,15,7
2017-03-15 07:51:08.575,4833,HTTP,79.79.79.150,40,Others,24,Male,GB,Premium,Chinese,10.08,No,0.0,Credit Card,2017-03-15 07:51:08.575,2017,3,15,7
2017-03-15 07:48:27.936,4006,HTTP,79.80.70.30,561,Mozilla Firefox,55,Male,DE,Normal,Chinese,59.994,No,0.0,Debit Card,2017-03-15 07:48:27.936,2017,3,15,7
2017-03-15 07:48:27.936,1956,HTTP,79.82.214.20,589,Mozilla Firefox,65,Female,US,Normal,French,5.715,No,0.0,Cash,2017-03-15 07:48:27.936,2017,3,15,7
2017-03-15 07:48:28.093,1988,HTTP,79.83.156.149,1727,Mozilla Firefox,19,Female,NO,Normal,Chinese,9.42,No,0.0,Credit Card,2017-03-15 07:48:28.093,2017,3,15,7
2017-03-15 07:48:28.093,4398,HTTP,79.88.236.187,579,Mozilla Firefox,35,Male,DK,Normal,French,1999.96,No,0.0,Credit Card,2017-03-15 07:48:28.093,2017,3,15,7
2017-03-15 07:51:59.607,2515,HTTP,79.91.116.160,46,Mozilla Firefox,44,Female,JP,Premium,Chinese,216.4,No,0.0,Debit Card,2017-03-15 07:51:59.607,2017,3,15,7
2017-03-15 07:51:59.607,2184,HTTP,79.97.46.137,40,Mozilla Firefox,62,Male,IT,Premium,Chinese,0.0,Yes,7.56,Credit Card,2017-03-15 07:51:59.607,2017,3,15,7
2017-03-15 07:49:27.968,1793,HTTP,80.0.72.236,556,Android App,30,Female,SE,Normal,Chinese,4.428,No,0.0,Cash,2017-03-15 07:49:27.968,2017,3,15,7
2017-03-15 07:49:27.968,3209,HTTP,80.1.163.66,515,Android App,56,Female,DE,Normal,Chinese,8.8,No,0.0,Others,2017-03-15 07:49:27.968,2017,3,15,7
2017-03-15 07:49:27.997,3391,HTTP,80.102.29.216,702,Android App,40,Female,AU,Normal,Spanish,142.8,No,0.0,Credit Card,2017-03-15 07:49:27.997,2017,3,15,7
2017-03-15 07:49:27.997,2149,HTTP,80.106.105.2,586,Android App,68,Male,CA,Normal,Chinese,399.95,No,0.0,Cash,2017-03-15 07:49:27.997,2017,3,15,7
2017-03-15 07:49:28.329,2620,UDP  ,80.106.143.188,437,Android App,62,Female,CO,Premium,Chinese,2152.776,No,0.0,Credit Card,2017-03-15 07:49:28.329,2017,3,15,7
2017-03-15 07:49:28.329,4253,ICMP ,80.110.77.111,465,Android App,62,Female,US,Premium,German,0.0,Yes,17.38,Cash,2017-03-15 07:49:28.329,2017,3,15,7
2017-03-15 07:49:33.201,3329,HTTP,80.111.209.119,561,Android App,19,Female,RU,Normal,Chinese,328.59,No,0.0,Cash,2017-03-15 07:49:33.201,2017,3,15,7
2017-03-15 07:49:33.201,3963,HTTP,80.113.175.227,589,Android App,67,Female,IT,Normal,Chinese,98.352,No,0.0,Debit Card,2017-03-15 07:49:33.201,2017,3,15,7
2017-03-15 07:49:33.530,4599,HTTP,80.113.37.46,1727,Android App,62,Female,DE,Normal,Chinese,158.99,No,0.0,Credit Card,2017-03-15 07:49:33.530,2017,3,15,7
2017-03-15 07:49:33.530,2259,HTTP,80.114.231.60,579,Android App,20,Male,US,Normal,Dutch,291.1,No,0.0,Cash,2017-03-15 07:49:33.530,2017,3,15,7
2017-03-15 07:49:44.640,3650,UDP  ,80.119.109.62,122,Android App,24,Male,CA,Premium,French,73.68,No,0.0,Cash,2017-03-15 07:49:44.640,2017,3,15,7
2017-03-15 07:49:44.641,1854,ICMP ,80.12.102.148,150,Android App,59,Female,IT,Premium,French,139.92,No,0.0,Credit Card,2017-03-15 07:49:44.641,2017,3,15,7
2017-03-15 07:50:33.217,4883,HTTP,80.12.33.66,702,Android App,35,Female,AU,Normal,Chinese,107.88,No,0.0,Others,2017-03-15 07:50:33.217,2017,3,15,7
2017-03-15 07:50:33.217,4412,HTTP,80.12.34.0,586,Android App,57,Male,US,Normal,French,33.29,No,0.0,Credit Card,2017-03-15 07:50:33.217,2017,3,15,7
2017-03-15 07:50:33.218,2360,HTTP,80.12.35.79,556,Android App,18,Female,RU,Normal,Chinese,58.17,No,0.0,Credit Card,2017-03-15 07:50:33.218,2017,3,15,7
2017-03-15 07:50:33.218,3309,HTTP,80.12.37.26,515,Android App,22,Female,IT,Normal,Chinese,5.04,No,0.0,Debit Card,2017-03-15 07:50:33.218,2017,3,15,7
2017-03-15 07:53:38.255,2641,HTTP,80.12.38.184,46,Android App,25,Female,US,Premium,Chinese,24.784,No,0.0,Credit Card,2017-03-15 07:53:38.255,2017,3,15,7
2017-03-15 07:53:38.255,1737,HTTP,80.12.38.236,40,Android App,33,Male,IT,Premium,French,634.116,No,0.0,Credit Card,2017-03-15 07:53:38.255,2017,3,15,7
2017-03-15 07:51:02.213,2967,HTTP,80.12.42.246,2267,Android App,27,Female,IT,Premium,French,17.472,No,0.0,Credit Card,2017-03-15 07:51:02.213,2017,3,15,7
2017-03-15 07:51:02.213,2700,HTTP,80.12.43.177,3185,Android App,68,Female,AT,Premium,French,155.88,No,0.0,Credit Card,2017-03-15 07:51:02.213,2017,3,15,7
2017-03-15 07:54:16.083,2227,HTTP,80.12.58.37,46,Android App,27,Female,SE,Premium,French,327.564,No,0.0,Cash,2017-03-15 07:54:16.083,2017,3,15,7
2017-03-15 07:54:16.083,4051,HTTP,80.12.59.148,40,Android App,58,Female,CN,Premium,Chinese,13.36,No,0.0,Cash,2017-03-15 07:54:16.083,2017,3,15,7
2017-03-15 07:51:11.736,3024,HTTP,80.12.59.156,2163,Chrome,41,Male,CH,Premium,French,158.9,No,0.0,Cash,2017-03-15 07:51:11.736,2017,3,15,7
2017-03-15 07:51:11.736,2834,HTTP,80.12.59.180,3185,Mozilla Firefox,22,Male,US,Premium,Chinese,319.968,No,0.0,Credit Card,2017-03-15 07:51:11.736,2017,3,15,7
2017-03-15 07:51:22.745,1559,HTTP,80.12.59.231,2323,Mozilla Firefox,18,Male,AU,Premium,Chinese,505.32,No,0.0,Cash,2017-03-15 07:51:22.745,2017,3,15,7
2017-03-15 07:51:22.745,3476,HTTP,80.12.59.244,3393,Mozilla Firefox,50,Female,IT,Premium,Chinese,3.808,No,0.0,Cash,2017-03-15 07:51:22.745,2017,3,15,7
2017-03-15 07:51:21.887,4519,HTTP,80.12.59.2,2267,Mozilla Firefox,57,Male,CH,Premium,Chinese,8.682,No,0.0,Credit Card,2017-03-15 07:51:21.887,2017,3,15,7
2017-03-15 07:51:21.887,3201,HTTP,80.12.63.187,3185,Mozilla Firefox,57,Female,US,Premium,Spanish,24.424,No,0.0,Others,2017-03-15 07:51:21.887,2017,3,15,7
2017-03-15 07:54:34.876,3322,HTTP,80.12.63.229,46,Mozilla Firefox,24,Female,RU,Premium,Chinese,1522.638,No,0.0,Credit Card,2017-03-15 07:54:34.876,2017,3,15,7
2017-03-15 07:54:34.876,3092,HTTP,80.130.64.229,40,Mozilla Firefox,30,Male,US,Premium,Chinese,419.9,No,0.0,Debit Card,2017-03-15 07:54:34.876,2017,3,15,7
2017-03-15 07:54:36.534,2550,HTTP,80.132.1.247,46,Mozilla Firefox,29,Female,AE,Premium,Chinese,3.15,No,0.0,Others,2017-03-15 07:54:36.534,2017,3,15,7
2017-03-15 07:54:36.534,1604,HTTP,80.134.29.202,40,Mozilla Firefox,37,Female,IT,Premium,German,33.62,No,0.0,Debit Card,2017-03-15 07:54:36.534,2017,3,15,7
2017-03-15 07:51:32.247,3270,HTTP,80.136.127.160,2455,Mozilla Firefox,27,Female,IT,Premium,Chinese,16.14,No,0.0,Cash,2017-03-15 07:51:32.247,2017,3,15,7
2017-03-15 07:51:32.247,4917,HTTP,80.143.217.132,3249,Android App,34,Female,US,Premium,Chinese,194.25,No,0.0,Others,2017-03-15 07:51:32.247,2017,3,15,7
2017-03-15 07:51:42.534,3559,HTTP,80.144.61.67,2267,Chrome,18,Male,CH,Premium,German,8.64,No,0.0,Credit Card,2017-03-15 07:51:42.534,2017,3,15,7
2017-03-15 07:51:42.534,4788,HTTP,80.145.36.177,3185,Chrome,69,Female,CH,Premium,German,872.32,No,0.0,Cash,2017-03-15 07:51:42.534,2017,3,15,7
2017-03-15 07:51:53.666,2920,HTTP,80.147.145.182,2319,Chrome,61,Male,IT,Premium,Chinese,243.992,No,0.0,Debit Card,2017-03-15 07:51:53.666,2017,3,15,7
2017-03-15 07:51:53.666,4394,HTTP,80.15.210.97,3185,Chrome,21,Male,AT,Premium,French,0.0,Yes,16.52,Others,2017-03-15 07:51:53.666,2017,3,15,7
2017-03-15 07:52:04.768,1501,HTTP,80.154.98.131,2319,Chrome,63,Female,IE,Premium,Chinese,2.688,No,0.0,Cash,2017-03-15 07:52:04.768,2017,3,15,7
2017-03-15 07:52:04.768,3711,HTTP,80.156.24.165,3185,Chrome,45,Male,US,Premium,Chinese,317.058,No,0.0,Credit Card,2017-03-15 07:52:04.768,2017,3,15,7
2017-03-15 07:52:15.256,4898,HTTP,80.161.55.155,2163,IOS App,38,Male,US,Premium,Chinese,149.352,No,0.0,Cash,2017-03-15 07:52:15.256,2017,3,15,7
2017-03-15 07:52:15.256,4711,HTTP,80.168.218.99,3185,IOS App,26,Male,CA,Premium,Chinese,227.976,No,0.0,Cash,2017-03-15 07:52:15.256,2017,3,15,7
2017-03-15 07:52:27.968,1823,HTTP,80.178.92.158,556,IOS App,64,Male,CH,Normal,Chinese,11.96,No,0.0,Others,2017-03-15 07:52:27.968,2017,3,15,7
2017-03-15 07:52:27.968,2131,HTTP,80.187.109.27,515,IOS App,52,Male,US,Normal,Chinese,563.4,No,0.0,Others,2017-03-15 07:52:27.968,2017,3,15,7
2017-03-15 07:52:27.997,3610,HTTP,80.187.119.1,702,IOS App,61,Female,NO,Normal,Chinese,319.92,No,0.0,Credit Card,2017-03-15 07:52:27.997,2017,3,15,7
2017-03-15 07:52:27.997,3204,HTTP,80.187.122.248,586,IOS App,58,Female,IT,Normal,romanian,1049.44,No,0.0,Cash,2017-03-15 07:52:27.997,2017,3,15,7
2017-03-15 07:52:29.077,4568,HTTP,80.187.123.43,639,IOS App,20,Male,IT,Normal,German,170.352,No,0.0,Debit Card,2017-03-15 07:52:29.077,2017,3,15,7
2017-03-15 07:52:29.077,2373,HTTP,80.187.96.177,614,Microsoft Edge,54,Female,CH,Normal,Chinese,173.94,No,0.0,Cash,2017-03-15 07:52:29.077,2017,3,15,7
2017-03-15 07:52:25.805,2612,HTTP,80.187.99.27,2319,Microsoft Edge,55,Female,IT,Premium,Chinese,0.0,Yes,7.92,Cash,2017-03-15 07:52:25.805,2017,3,15,7
2017-03-15 07:52:25.805,1755,HTTP,80.189.218.211,3185,Microsoft Edge,65,Female,IT,Premium,Chinese,6.68,No,0.0,Debit Card,2017-03-15 07:52:25.805,2017,3,15,7
2017-03-15 07:52:35.558,2339,HTTP,80.189.218.211,2267,Microsoft Edge,54,Female,JP,Premium,Chinese,8.34,No,0.0,Cash,2017-03-15 07:52:35.558,2017,3,15,7
2017-03-15 07:52:35.558,3546,HTTP,80.192.231.159,3185,Microsoft Edge,64,Female,GB,Premium,Chinese,101.94,No,0.0,Credit Card,2017-03-15 07:52:35.558,2017,3,15,7
2017-03-15 07:52:45.254,4659,HTTP,80.192.248.127,2267,Microsoft Edge,42,Male,PE,Premium,Chinese,179.97,No,0.0,Cash,2017-03-15 07:52:45.254,2017,3,15,7
2017-03-15 07:52:45.254,4238,HTTP,80.193.114.10,3185,Safari,61,Female,CA,Premium,Chinese,101.94,No,0.0,Cash,2017-03-15 07:52:45.254,2017,3,15,7
2017-03-15 07:52:54.813,5000,HTTP,80.193.116.82,2267,Safari,19,Female,GB,Premium,Chinese,271.96,No,0.0,Others,2017-03-15 07:52:54.813,2017,3,15,7
2017-03-15 07:52:54.813,1632,HTTP,80.193.32.146,3185,Safari,65,Female,SE,Premium,Chinese,8.8,No,0.0,Others,2017-03-15 07:52:54.813,2017,3,15,7
2017-03-15 07:53:04.784,2784,HTTP,80.193.47.190,2215,Safari,36,Female,CA,Premium,Chinese,19.68,No,0.0,Cash,2017-03-15 07:53:04.784,2017,3,15,7
2017-03-15 07:53:04.784,2765,HTTP,80.195.168.120,3185,Others,27,Female,IT,Premium,Chinese,302.94,No,0.0,Others,2017-03-15 07:53:04.784,2017,3,15,7
2017-03-15 07:56:17.436,3416,HTTP,80.195.222.122,46,Others,40,Female,IT,Premium,Chinese,14.94,No,0.0,Debit Card,2017-03-15 07:56:17.436,2017,3,15,7
2017-03-15 07:56:17.436,2984,HTTP,80.195.28.152,40,Others,37,Female,IT,Premium,Chinese,231.72,No,0.0,Cash,2017-03-15 07:56:17.436,2017,3,15,7
2017-03-15 07:53:15.497,2825,HTTP,80.200.143.130,2267,Others,23,Male,CN,Premium,Chinese,9.912,No,0.0,Cash,2017-03-15 07:53:15.497,2017,3,15,7
2017-03-15 07:53:15.497,2903,HTTP,80.2.44.122,3185,Others,45,Female,IT,Premium,Chinese,34.65,No,0.0,Credit Card,2017-03-15 07:53:15.497,2017,3,15,7
2017-03-15 07:53:27.936,1606,HTTP,80.201.42.56,561,Others,23,Female,US,Normal,Dutch,19.8,No,0.0,Cash,2017-03-15 07:53:27.936,2017,3,15,7
2017-03-15 07:53:27.936,2867,HTTP,80.214.112.158,589,Others,38,Female,IN,Normal,French,33.568,No,0.0,Credit Card,2017-03-15 07:53:27.936,2017,3,15,7
2017-03-15 07:53:28.092,3235,HTTP,80.214.119.171,1727,Others,51,Female,IT,Normal,Chinese,125.93,No,0.0,Cash,2017-03-15 07:53:28.092,2017,3,15,7
2017-03-15 07:53:28.092,1983,HTTP,80.214.121.14,579,Others,41,Female,IT,Normal,French,11.76,No,0.0,Credit Card,2017-03-15 07:53:28.092,2017,3,15,7
2017-03-15 07:53:33.217,4093,HTTP,80.214.69.186,702,Others,60,Male,US,Normal,Chinese,5.344,No,0.0,Cash,2017-03-15 07:53:33.217,2017,3,15,7
2017-03-15 07:53:33.217,4032,HTTP,80.214.73.198,586,Safari,26,Male,CA,Normal,French,0.0,Yes,854.352,Cash,2017-03-15 07:53:33.217,2017,3,15,7
2017-03-15 07:53:33.218,1659,HTTP,80.214.76.197,556,Safari,55,Female,SE,Normal,French,62.016,No,0.0,Cash,2017-03-15 07:53:33.218,2017,3,15,7
2017-03-15 07:53:33.218,4192,HTTP,80.214.77.131,515,Safari,26,Male,RU,Normal,Chinese,60.72,No,0.0,Cash,2017-03-15 07:53:33.218,2017,3,15,7
2017-03-15 07:53:34.557,4939,HTTP,80.215.128.35,639,Safari,39,Male,IN,Normal,French,0.0,Yes,271.96,Cash,2017-03-15 07:53:34.557,2017,3,15,7
2017-03-15 07:53:34.557,3011,HTTP,80.215.130.13,614,Safari,45,Female,CA,Normal,Chinese,239.84,No,0.0,Debit Card,2017-03-15 07:53:34.557,2017,3,15,7
2017-03-15 07:53:25.785,4835,HTTP,80.215.14.137,2267,Safari,38,Male,NO,Premium,French,15.66,No,0.0,Cash,2017-03-15 07:53:25.785,2017,3,15,7
2017-03-15 07:53:25.785,3054,HTTP,80.215.161.142,3185,IOS App,68,Female,ZA,Premium,Chinese,146.352,No,0.0,Debit Card,2017-03-15 07:53:25.785,2017,3,15,7
2017-03-15 07:53:35.664,2269,HTTP,80.215.163.245,2267,Microsoft Edge,33,Female,NO,Premium,Chinese,5.94,No,0.0,Others,2017-03-15 07:53:35.664,2017,3,15,7
2017-03-15 07:53:35.664,4782,HTTP,80.215.166.233,3185,Microsoft Edge,38,Female,IT,Premium,French,45.36,No,0.0,Debit Card,2017-03-15 07:53:35.664,2017,3,15,7
2017-03-15 07:53:46.451,3243,HTTP,80.215.170.93,2267,Microsoft Edge,20,Male,SE,Premium,French,211.168,No,0.0,Debit Card,2017-03-15 07:53:46.451,2017,3,15,7
2017-03-15 07:53:46.451,2285,HTTP,80.215.180.211,3185,IOS App,57,Female,US,Premium,French,484.704,No,0.0,Debit Card,2017-03-15 07:53:46.451,2017,3,15,7
2017-03-15 07:53:56.497,2516,HTTP,80.215.198.41,2163,IOS App,63,Male,PE,Premium,French,371.976,No,0.0,Others,2017-03-15 07:53:56.497,2017,3,15,7
2017-03-15 07:53:56.497,4614,HTTP,80.215.231.31,3185,IOS App,67,Female,KR,Premium,Chinese,89.82,No,0.0,Cash,2017-03-15 07:53:56.497,2017,3,15,7
2017-03-15 07:54:05.704,4216,HTTP,80.215.47.168,2163,IOS App,60,Female,KR,Premium,Chinese,19.296,No,0.0,Cash,2017-03-15 07:54:05.704,2017,3,15,7
2017-03-15 07:54:05.704,2077,HTTP,80.215.72.33,3185,IOS App,48,Female,CH,Premium,Russian,191.96,No,0.0,Debit Card,2017-03-15 07:54:05.704,2017,3,15,7
2017-03-15 07:54:15.914,3445,HTTP,80.215.77.245,2163,Chrome,28,Male,CH,Premium,French,21.3,No,0.0,Credit Card,2017-03-15 07:54:15.914,2017,3,15,7
2017-03-15 07:54:15.914,3621,HTTP,80.216.47.152,3185,Chrome,63,Female,JP,Premium,swedish,469.95,No,0.0,Debit Card,2017-03-15 07:54:15.914,2017,3,15,7
2017-03-15 07:54:33.201,3239,HTTP,80.217.94.195,561,Chrome,45,Female,AT,Normal,Chinese,209.88,No,0.0,Credit Card,2017-03-15 07:54:33.201,2017,3,15,7
2017-03-15 07:54:33.201,4726,HTTP,80.218.90.99,589,Chrome,36,Female,RU,Normal,Spanish,239.666,No,0.0,Credit Card,2017-03-15 07:54:33.201,2017,3,15,7
2017-03-15 07:54:33.530,3235,HTTP,80.227.199.14,1727,Chrome,44,Female,JP,Normal,Chinese,22.5,No,0.0,Cash,2017-03-15 07:54:33.530,2017,3,15,7
2017-03-15 07:54:33.530,2823,HTTP,80.229.101.214,579,Chrome,53,Female,CH,Normal,Chinese,219.84,No,0.0,Credit Card,2017-03-15 07:54:33.530,2017,3,15,7
2017-03-15 07:54:25.539,4514,HTTP,80.229.168.7,2267,Chrome,57,Male,CA,Premium,Chinese,32.4,No,0.0,Credit Card,2017-03-15 07:54:25.539,2017,3,15,7
2017-03-15 07:54:25.539,3730,HTTP,80.229.25.71,3185,Chrome,31,Female,AU,Premium,Chinese,209.94,No,0.0,Cash,2017-03-15 07:54:25.539,2017,3,15,7
2017-03-15 07:55:27.970,4515,HTTP,80.229.62.48,556,Chrome,53,Female,IN,Normal,Chinese,0.0,Yes,40.56,Cash,2017-03-15 07:55:27.970,2017,3,15,7
2017-03-15 07:55:27.970,1602,HTTP,80.231.240.145,515,Chrome,49,Female,IN,Normal,French,212.94,No,0.0,Credit Card,2017-03-15 07:55:27.970,2017,3,15,7
2017-03-15 07:55:27.997,3433,HTTP,80.234.142.246,702,Others,33,Male,IT,Normal,Chinese,41.88,No,0.0,Cash,2017-03-15 07:55:27.997,2017,3,15,7
2017-03-15 07:55:27.997,4765,HTTP,80.234.39.167,586,Others,39,Female,CA,Normal,Russian,58.48,No,0.0,Debit Card,2017-03-15 07:55:27.997,2017,3,15,7
2017-03-15 07:56:33.218,2405,HTTP,80.235.38.182,702,Others,37,Male,US,Normal,Chinese,102.438,No,0.0,Cash,2017-03-15 07:56:33.218,2017,3,15,7
2017-03-15 07:56:33.218,3890,HTTP,80.235.83.95,586,Others,50,Female,US,Normal,Spanish,199.304,No,0.0,Cash,2017-03-15 07:56:33.218,2017,3,15,7
2017-03-15 07:56:33.219,4187,HTTP,80.240.172.92,556,Others,63,Male,AU,Normal,polish,0.0,Yes,2.78,Cash,2017-03-15 07:56:33.219,2017,3,15,7
2017-03-15 07:56:33.219,1770,HTTP,80.243.181.33,515,Others,21,Female,US,Normal,Chinese,12.96,No,0.0,Cash,2017-03-15 07:56:33.219,2017,3,15,7
2017-03-15 07:58:27.938,4801,HTTP,80.26.187.167,561,Android App,56,Female,IT,Normal,Chinese,68.541,No,0.0,Cash,2017-03-15 07:58:27.938,2017,3,15,7
2017-03-15 07:58:27.938,2195,HTTP,80.30.190.112,589,Android App,58,Male,CH,Normal,Spanish,627.168,No,0.0,Cash,2017-03-15 07:58:27.938,2017,3,15,7
2017-03-15 07:58:27.966,3991,HTTP,80.30.82.83,556,Android App,44,Female,PR,Normal,French,122.12,No,0.0,Debit Card,2017-03-15 07:58:27.966,2017,3,15,7
2017-03-15 07:58:27.966,1592,HTTP,80.3.14.35,515,Android App,29,Female,JP,Normal,Chinese,0.0,Yes,398.352,Debit Card,2017-03-15 07:58:27.966,2017,3,15,7
2017-03-15 07:58:27.997,2388,HTTP,80.32.100.68,702,Android App,26,Female,US,Normal,Spanish,107.424,No,0.0,Cash,2017-03-15 07:58:27.997,2017,3,15,7
2017-03-15 07:58:27.997,2026,HTTP,80.41.95.206,586,Android App,66,Female,CN,Normal,Chinese,1421.664,No,0.0,Debit Card,2017-03-15 07:58:27.997,2017,3,15,7
2017-03-15 07:58:28.016,2665,HTTP,80.41.95.206,1727,Android App,59,Female,IT,Normal,Chinese,125.88,No,0.0,Others,2017-03-15 07:58:28.016,2017,3,15,7
2017-03-15 07:58:28.016,2518,HTTP,80.42.187.222,579,Android App,19,Male,CA,Normal,Chinese,79.78,No,0.0,Cash,2017-03-15 07:58:28.016,2017,3,15,7
2017-03-15 07:58:29.111,3872,HTTP,80.43.127.158,639,Android App,48,Female,IT,Normal,Chinese,133.2,No,0.0,Cash,2017-03-15 07:58:29.111,2017,3,15,7
2017-03-15 07:58:29.111,4836,HTTP,80.43.148.31,614,Android App,66,Male,CA,Normal,Chinese,438.368,No,0.0,Cash,2017-03-15 07:58:29.111,2017,3,15,7
2017-03-15 07:59:33.201,2261,HTTP,80.5.88.70,561,Android App,48,Female,RU,Normal,Chinese,42.616,No,0.0,Others,2017-03-15 07:59:33.201,2017,3,15,7
2017-03-15 07:59:33.201,3631,HTTP,80.58.152.113,589,Android App,46,Female,GB,Normal,Chinese,319.984,No,0.0,Credit Card,2017-03-15 07:59:33.201,2017,3,15,7
2017-03-15 07:59:33.216,3488,HTTP,80.60.40.192,702,Android App,51,Female,JP,Normal,Chinese,45.92,No,0.0,Cash,2017-03-15 07:59:33.216,2017,3,15,7
2017-03-15 07:59:33.216,2410,HTTP,80.6.113.130,586,Android App,52,Female,CA,Normal,Chinese,21.184,No,0.0,Credit Card,2017-03-15 07:59:33.216,2017,3,15,7
2017-03-15 07:59:33.216,2836,HTTP,80.6.227.185,652,Android App,63,Male,ZA,Normal,Chinese,20.736,No,0.0,Cash,2017-03-15 07:59:33.216,2017,3,15,7
2017-03-15 07:59:33.216,4407,HTTP,80.62.116.16,561,Android App,38,Female,IN,Normal,Chinese,213.43,No,0.0,Cash,2017-03-15 07:59:33.216,2017,3,15,7
2017-03-15 07:59:34.326,4827,HTTP,80.62.117.13,1727,Android App,58,Female,US,Normal,Spanish,333.576,No,0.0,Credit Card,2017-03-15 07:59:34.326,2017,3,15,7
2017-03-15 07:59:34.326,3673,HTTP,80.64.83.130,579,Android App,51,Female,RU,Normal,Russian,31.992,No,0.0,Credit Card,2017-03-15 07:59:34.326,2017,3,15,7
2017-03-15 07:59:34.327,2345,HTTP,80.65.226.191,639,Chrome,59,Female,KR,Normal,Chinese,51.168,No,0.0,Credit Card,2017-03-15 07:59:34.327,2017,3,15,7
2017-03-15 07:59:34.327,2747,HTTP,80.69.55.228,614,Mozilla Firefox,37,Male,IT,Normal,Spanish,10.64,No,0.0,Cash,2017-03-15 07:59:34.327,2017,3,15,7
2017-03-15 07:26:04.780,1753,HTTP,82.145.221.136,264,Mozilla Firefox,48,Male,US,Premium,Chinese,68.52,No,0.0,Cash,2017-03-15 07:26:04.780,2017,3,15,7
2017-03-15 07:26:04.780,2331,HTTP,82.145.221.14,46,Mozilla Firefox,18,Male,AT,Premium,Chinese,623.96,No,0.0,Credit Card,2017-03-15 07:26:04.780,2017,3,15,7
2017-03-15 07:35:52.607,4118,HTTP,82.76.191.239,230400,Others,43,Female,IN,Premium,Russian,81.32,No,0.0,Cash,2017-03-15 07:35:52.607,2017,3,15,7
2017-03-15 07:35:52.607,1599,HTTP,86.182.78.105,40900,Others,62,Female,IN,Premium,Italian,179.2,No,0.0,Credit Card,2017-03-15 07:35:52.607,2017,3,15,7
2017-03-15 07:36:19.318,3346,HTTP,91.108.178.791,260500,Mozilla Firefox,34,Female,ZA,Premium,Italian,11.73,No,0.0,Credit Card,2017-03-15 07:36:19.318,2017,3,15,7
2017-03-15 07:36:19.318,2879,HTTP,172.56.13.165,80300,Mozilla Firefox,31,Male,CA,Premium,Russian,20.92,No,0.0,Debit Card,2017-03-15 07:36:19.318,2017,3,15,7
2017-03-15 07:36:24.202,4421,TCP  ,185.75.57.431,310100,Safari,18,Male,CN,Premium,Italian,0.0,Yes,300.08,Cash,2017-03-15 07:36:24.202,2017,3,15,7
2017-03-15 07:36:24.202,4030,TCP  ,198.50.238.91,20100,Safari,68,Male,IT,Premium,Italian,1800.51,No,0.0,Credit Card,2017-03-15 07:36:24.202,2017,3,15,7
